contract_id,filename,true_label,true_honeypot_type,parse_success,raw_response,explanation,deception_risk_score,suspicious_patterns,hidden_conditions,withdrawal_possible_for_non_owner,honeypot_type,is_honeypot
0x0bf0f154b176c5d90f24e506f10f7f583eb5334d,hp_001.sol,honeypot,balance_disorder,True,"{
  ""deception_risk_score"": 8,
  ""is_honeypot"": true,
  ""honeypot_type"": ""balance_disorder"",
  ""withdrawal_possible_for_non_owner"": false,
  ""hidden_conditions"": [""the contract balance can be silently inflated by the owner, making the condition msg.value > this.balance impossible to satisfy""],
  ""suspicious_patterns"": [""state variable declared before functions"", ""owner can silently inflate contract balance""],
  ""explanation"": ""The contract appears to be a honeypot due to the balance disorder deception type, where the owner can silently inflate the contract balance, making it impossible for non-owners to satisfy the condition msg.value > this.balance and claim the jackpot. The contract's design allows the owner to drain all deposited Ether. The requirement for msg.value to exceed the contract's balance creates a condition that is practically unachievable once the owner tops up the balance.""
}","The contract appears to be a honeypot due to the balance disorder deception type, where the owner can silently inflate the contract balance, making it impossible for non-owners to satisfy the condition msg.value > this.balance and claim the jackpot. The contract's design allows the owner to drain all deposited Ether. The requirement for msg.value to exceed the contract's balance creates a condition that is practically unachievable once the owner tops up the balance.",8.0,"['state variable declared before functions', 'owner can silently inflate contract balance']","['the contract balance can be silently inflated by the owner, making the condition msg.value > this.balance impossible to satisfy']",False,balance_disorder,True
0x0e77cb9d68b8bf3cc41561f8eda6c71e4a4b9ef7,hp_002.sol,honeypot,balance_disorder,True,"{
  ""deception_risk_score"": 8,
  ""is_honeypot"": true,
  ""honeypot_type"": ""balance_disorder"",
  ""withdrawal_possible_for_non_owner"": false,
  ""hidden_conditions"": [""the contract balance must be exceeded by the sender's value, which can be silently inflated by the owner""],
  ""suspicious_patterns"": [""state variable declared before functions"", ""require statement limiting withdrawal to owner only""],
  ""explanation"": ""The contract appears to be a honeypot due to the balance disorder deception type, where the owner can silently inflate the contract balance, making it impossible for victims to satisfy the winning condition. The contract's design allows the owner to withdraw funds while preventing non-owners from doing so. The requirement for the sender's value to exceed the contract balance creates a condition that can be manipulated by the owner.""
}","The contract appears to be a honeypot due to the balance disorder deception type, where the owner can silently inflate the contract balance, making it impossible for victims to satisfy the winning condition. The contract's design allows the owner to withdraw funds while preventing non-owners from doing so. The requirement for the sender's value to exceed the contract balance creates a condition that can be manipulated by the owner.",8.0,"['state variable declared before functions', 'require statement limiting withdrawal to owner only']","[""the contract balance must be exceeded by the sender's value, which can be silently inflated by the owner""]",False,balance_disorder,True
0x15d0e6cedd8ecc39daa60c63a3a5830eeca7d720,hp_003.sol,honeypot,balance_disorder,True,"{
  ""deception_risk_score"": 8,
  ""is_honeypot"": true,
  ""honeypot_type"": ""balance_disorder"",
  ""withdrawal_possible_for_non_owner"": false,
  ""hidden_conditions"": [""the condition msg.value > this.balance is practically unachievable once the owner tops up the balance""],
  ""suspicious_patterns"": [""hardcoded secret number hash"", ""state variable declared before functions""],
  ""explanation"": ""The contract appears to be a honeypot due to the balance disorder deception type, where the condition msg.value > this.balance is practically unachievable once the owner tops up the balance, preventing non-owners from withdrawing funds. The owner can silently inflate the contract balance, making the condition impossible for victims to satisfy. The contract's design allows the owner to drain all deposited Ether.""
}","The contract appears to be a honeypot due to the balance disorder deception type, where the condition msg.value > this.balance is practically unachievable once the owner tops up the balance, preventing non-owners from withdrawing funds. The owner can silently inflate the contract balance, making the condition impossible for victims to satisfy. The contract's design allows the owner to drain all deposited Ether.",8.0,"['hardcoded secret number hash', 'state variable declared before functions']",['the condition msg.value > this.balance is practically unachievable once the owner tops up the balance'],False,balance_disorder,True
0x1ebf20031b03b80e5f6fdbeb9f86d44145224006,hp_004.sol,honeypot,balance_disorder,True,"{
  ""deception_risk_score"": 8,
  ""is_honeypot"": true,
  ""honeypot_type"": ""balance_disorder"",
  ""withdrawal_possible_for_non_owner"": false,
  ""hidden_conditions"": [""the contract balance must be exceeded by the sender's value, which can be inflated by the owner""],
  ""suspicious_patterns"": [""payable function with no clear purpose"", ""owner can silently inflate contract balance""],
  ""explanation"": ""The contract appears to be a honeypot due to the balance disorder deception type, where the owner can silently inflate the contract balance, making it impossible for victims to satisfy the condition of sending a value greater than or equal to the contract balance. The contract's design allows the owner to drain all deposited Ether, while preventing non-owners from withdrawing funds.""
}","The contract appears to be a honeypot due to the balance disorder deception type, where the owner can silently inflate the contract balance, making it impossible for victims to satisfy the condition of sending a value greater than or equal to the contract balance. The contract's design allows the owner to drain all deposited Ether, while preventing non-owners from withdrawing funds.",8.0,"['payable function with no clear purpose', 'owner can silently inflate contract balance']","[""the contract balance must be exceeded by the sender's value, which can be inflated by the owner""]",False,balance_disorder,True
0x35c3034556b81132e682db2f879e6f30721b847c,hp_005.sol,honeypot,balance_disorder,True,"{
  ""deception_risk_score"": 8,
  ""is_honeypot"": true,
  ""honeypot_type"": ""balance_disorder"",
  ""withdrawal_possible_for_non_owner"": false,
  ""hidden_conditions"": [""the contract balance can be silently inflated by the owner, making the condition in the Take function impossible to satisfy""],
  ""suspicious_patterns"": [""hardcoded pin code"", ""owner can silently inflate contract balance""],
  ""explanation"": ""The contract appears to be a honeypot due to the balance disorder deception type, where the owner can silently inflate the contract balance, making it impossible for non-owners to withdraw funds. The Take function requires the sender to send a value greater than or equal to the contract balance, which can be manipulated by the owner. This makes it unlikely for a non-owner to successfully withdraw funds.""
}","The contract appears to be a honeypot due to the balance disorder deception type, where the owner can silently inflate the contract balance, making it impossible for non-owners to withdraw funds. The Take function requires the sender to send a value greater than or equal to the contract balance, which can be manipulated by the owner. This makes it unlikely for a non-owner to successfully withdraw funds.",8.0,"['hardcoded pin code', 'owner can silently inflate contract balance']","['the contract balance can be silently inflated by the owner, making the condition in the Take function impossible to satisfy']",False,balance_disorder,True
0x3bafb3af16203c817ee9208c6b8a748398dae689,hp_006.sol,honeypot,balance_disorder,True,"{
  ""deception_risk_score"": 8,
  ""is_honeypot"": true,
  ""honeypot_type"": ""balance_disorder"",
  ""withdrawal_possible_for_non_owner"": false,
  ""hidden_conditions"": [""the contract balance can be silently inflated by the owner, making the condition in the multiply function impossible to satisfy""],
  ""suspicious_patterns"": [""hardcoded owner address"", ""state variable declared before functions""],
  ""explanation"": ""The contract appears to be a honeypot due to the balance_disorder deception type, where the owner can silently inflate the contract balance, making it impossible for non-owners to satisfy the condition in the multiply function. The contract's design allows the owner to drain all deposited Ether, while preventing victims from withdrawing funds. The contract's legitimacy is further questionable due to the lack of access control and the ability of the owner to transfer funds at will.""
}","The contract appears to be a honeypot due to the balance_disorder deception type, where the owner can silently inflate the contract balance, making it impossible for non-owners to satisfy the condition in the multiply function. The contract's design allows the owner to drain all deposited Ether, while preventing victims from withdrawing funds. The contract's legitimacy is further questionable due to the lack of access control and the ability of the owner to transfer funds at will.",8.0,"['hardcoded owner address', 'state variable declared before functions']","['the contract balance can be silently inflated by the owner, making the condition in the multiply function impossible to satisfy']",False,balance_disorder,True
0x3e013fc32a54c4c5b6991ba539dcd0ec4355c859,hp_007.sol,honeypot,balance_disorder,True,"{
  ""deception_risk_score"": 8,
  ""is_honeypot"": true,
  ""honeypot_type"": ""balance_disorder"",
  ""withdrawal_possible_for_non_owner"": false,
  ""hidden_conditions"": [""the contract balance must be exceeded by the sender's value to trigger a payout, but the owner can silently inflate the contract balance""],
  ""suspicious_patterns"": [""hardcoded owner address"", ""state variable declared before functions"", ""function multiplicate has a condition that is practically unachievable once the owner tops up the balance""],
  ""explanation"": ""The contract appears to be a honeypot due to the balance disorder deception type, where the owner can silently inflate the contract balance, making it impossible for victims to satisfy the condition in the multiplicate function. The contract's design allows the owner to drain all deposited Ether. Non-owners cannot withdraw funds due to the require statement in the withdraw function.""
}","The contract appears to be a honeypot due to the balance disorder deception type, where the owner can silently inflate the contract balance, making it impossible for victims to satisfy the condition in the multiplicate function. The contract's design allows the owner to drain all deposited Ether. Non-owners cannot withdraw funds due to the require statement in the withdraw function.",8.0,"['hardcoded owner address', 'state variable declared before functions', 'function multiplicate has a condition that is practically unachievable once the owner tops up the balance']","[""the contract balance must be exceeded by the sender's value to trigger a payout, but the owner can silently inflate the contract balance""]",False,balance_disorder,True
0x5aa88d2901c68fda244f1d0584400368d2c8e739,hp_008.sol,honeypot,balance_disorder,True,"{
  ""deception_risk_score"": 8,
  ""is_honeypot"": true,
  ""honeypot_type"": ""balance_disorder"",
  ""withdrawal_possible_for_non_owner"": false,
  ""hidden_conditions"": [""the contract balance must be exceeded by the sender's value to trigger a payout, but the owner can silently inflate the balance""],
  ""suspicious_patterns"": [""hardcoded owner address"", ""state variable declared before functions"", ""function multiplicate has a condition that is practically unachievable once the owner tops up the balance""],
  ""explanation"": ""The contract appears to be a honeypot due to the balance disorder deception type, where the owner can silently inflate the contract balance, making it impossible for victims to satisfy the condition in the multiplicate function. The contract's design allows the owner to drain all deposited Ether while preventing victims from withdrawing funds. The presence of a hardcoded owner address and a state variable declared before functions also raises suspicions.""
}","The contract appears to be a honeypot due to the balance disorder deception type, where the owner can silently inflate the contract balance, making it impossible for victims to satisfy the condition in the multiplicate function. The contract's design allows the owner to drain all deposited Ether while preventing victims from withdrawing funds. The presence of a hardcoded owner address and a state variable declared before functions also raises suspicions.",8.0,"['hardcoded owner address', 'state variable declared before functions', 'function multiplicate has a condition that is practically unachievable once the owner tops up the balance']","[""the contract balance must be exceeded by the sender's value to trigger a payout, but the owner can silently inflate the balance""]",False,balance_disorder,True
0x5bb52e85c21ca3df3c71da6d03be19cff89e7cf9,hp_009.sol,honeypot,balance_disorder,True,"{
  ""deception_risk_score"": 8,
  ""is_honeypot"": true,
  ""honeypot_type"": ""balance_disorder"",
  ""withdrawal_possible_for_non_owner"": false,
  ""hidden_conditions"": [""the credit function requires msg.value to exceed the contract's current balance, which can be inflated by the owner""],
  ""suspicious_patterns"": [""state variable declared after functions"", ""hardcoded conditions in the credit function""],
  ""explanation"": ""The contract has a high deception risk due to the balance disorder honeypot type, where the credit function requires the sender's value to exceed the contract's current balance, which can be silently inflated by the owner. The contract's design allows the owner to drain all deposited Ether, while preventing victims from successfully claiming funds.""
}","The contract has a high deception risk due to the balance disorder honeypot type, where the credit function requires the sender's value to exceed the contract's current balance, which can be silently inflated by the owner. The contract's design allows the owner to drain all deposited Ether, while preventing victims from successfully claiming funds.",8.0,"['state variable declared after functions', 'hardcoded conditions in the credit function']","[""the credit function requires msg.value to exceed the contract's current balance, which can be inflated by the owner""]",False,balance_disorder,True
0x69bfbf000bd39444af2efba733829b04211252bc,hp_010.sol,honeypot,balance_disorder,False,"API_ERROR: Error code: 429 - {'error': {'message': 'Rate limit reached for model `llama-3.3-70b-versatile` in organization `org_01knhg10j2f42a16mp4fcm7dgz` service tier `on_demand` on tokens per day (TPD): Limit 100000, Used 99057, Requested 1630. Please try again in 9m53.568s. Need more tokens? Upgrade to Dev Tier today at https://console.groq.com/settings/billing', 'type': 'tokens', 'code': 'rate_limit_exceeded'}}",,,,,,,
0x92e63be3a88df80f64ba4f829dd7ddf97e8b750b,hp_011.sol,honeypot,balance_disorder,True,"{
  ""deception_risk_score"": 8,
  ""is_honeypot"": true,
  ""honeypot_type"": ""balance_disorder"",
  ""withdrawal_possible_for_non_owner"": false,
  ""hidden_conditions"": [""the contract balance can be silently inflated by the owner, making the condition in the Later function impossible to satisfy""],
  ""suspicious_patterns"": [""hardcoded owner address"", ""state variable declared before functions""],
  ""explanation"": ""The contract appears to be a honeypot due to the balance disorder deception type, where the owner can silently inflate the contract balance, making it impossible for non-owners to withdraw funds. The Later function has a condition that requires the sender to send at least the current contract balance, which can be topped up by the owner at any time. This makes it practically unachievable for victims to satisfy the condition and withdraw funds.""
}","The contract appears to be a honeypot due to the balance disorder deception type, where the owner can silently inflate the contract balance, making it impossible for non-owners to withdraw funds. The Later function has a condition that requires the sender to send at least the current contract balance, which can be topped up by the owner at any time. This makes it practically unachievable for victims to satisfy the condition and withdraw funds.",8.0,"['hardcoded owner address', 'state variable declared before functions']","['the contract balance can be silently inflated by the owner, making the condition in the Later function impossible to satisfy']",False,balance_disorder,True
0x9cdfd805d73b4837bf3f7b2296996aaecc881e86,hp_012.sol,honeypot,balance_disorder,True,"{
  ""deception_risk_score"": 8,
  ""is_honeypot"": true,
  ""honeypot_type"": ""balance_disorder"",
  ""withdrawal_possible_for_non_owner"": false,
  ""hidden_conditions"": [""the contract balance must be exceeded by the sender's value"", ""the sender must know the correct pin code""],
  ""suspicious_patterns"": [""payable function with no clear purpose"", ""requirement to send money to prevent random guesses""],
  ""explanation"": ""The contract appears to be a honeypot due to the balance disorder deception type, where the sender must send a value greater than or equal to the contract's balance to withdraw funds. This condition is practically unachievable once the owner tops up the balance, making it a likely honeypot.""
}","The contract appears to be a honeypot due to the balance disorder deception type, where the sender must send a value greater than or equal to the contract's balance to withdraw funds. This condition is practically unachievable once the owner tops up the balance, making it a likely honeypot.",8.0,"['payable function with no clear purpose', 'requirement to send money to prevent random guesses']","[""the contract balance must be exceeded by the sender's value"", 'the sender must know the correct pin code']",False,balance_disorder,True
0x9efc7a38552e63534a8e9b9558adabd73297f91d,hp_013.sol,honeypot,balance_disorder,True,"{
  ""deception_risk_score"": 8,
  ""is_honeypot"": true,
  ""honeypot_type"": ""balance_disorder"",
  ""withdrawal_possible_for_non_owner"": false,
  ""hidden_conditions"": [""requirement for msg.value to exceed this.balance in Guess function"", ""owner can silently inflate contract balance""],
  ""suspicious_patterns"": [""hardcoded condition in Guess function"", ""owner-only withdrawal""],
  ""explanation"": ""The contract appears to be a honeypot due to the balance disorder deception type, where the requirement for msg.value to exceed this.balance in the Guess function makes it practically unachievable for victims to satisfy the winning condition, especially since the owner can silently inflate the contract balance. The contract's design allows the owner to drain all deposited Ether while preventing victims from successfully claiming funds. The Guess function's condition is also suspicious, as it requires a specific calculation to match the SecretNumber, making it difficult for victims to win.""
}","The contract appears to be a honeypot due to the balance disorder deception type, where the requirement for msg.value to exceed this.balance in the Guess function makes it practically unachievable for victims to satisfy the winning condition, especially since the owner can silently inflate the contract balance. The contract's design allows the owner to drain all deposited Ether while preventing victims from successfully claiming funds. The Guess function's condition is also suspicious, as it requires a specific calculation to match the SecretNumber, making it difficult for victims to win.",8.0,"['hardcoded condition in Guess function', 'owner-only withdrawal']","['requirement for msg.value to exceed this.balance in Guess function', 'owner can silently inflate contract balance']",False,balance_disorder,True
0x9f54d912a029380f2743aaf4ddd28c3f207cd719,hp_014.sol,honeypot,balance_disorder,True,"{
  ""deception_risk_score"": 8,
  ""is_honeypot"": true,
  ""honeypot_type"": ""balance_disorder"",
  ""withdrawal_possible_for_non_owner"": false,
  ""hidden_conditions"": [""owner can silently inflate the contract balance by sending Ether, making the condition msg.value >= this.balance impossible to satisfy""],
  ""suspicious_patterns"": [""payable fallback function"", ""owner can drain contract funds using kill function""],
  ""explanation"": ""The contract appears to be a honeypot due to the balance disorder deception type, where the owner can silently inflate the contract balance, making it impossible for victims to satisfy the condition msg.value >= this.balance and claim the funds. The payable fallback function and the kill function that allows the owner to drain contract funds also raise suspicions. The contract's design makes it unlikely for non-owners to successfully withdraw funds.""
}","The contract appears to be a honeypot due to the balance disorder deception type, where the owner can silently inflate the contract balance, making it impossible for victims to satisfy the condition msg.value >= this.balance and claim the funds. The payable fallback function and the kill function that allows the owner to drain contract funds also raise suspicions. The contract's design makes it unlikely for non-owners to successfully withdraw funds.",8.0,"['payable fallback function', 'owner can drain contract funds using kill function']","['owner can silently inflate the contract balance by sending Ether, making the condition msg.value >= this.balance impossible to satisfy']",False,balance_disorder,True
0xc7e4a9147601fdbc7d1c2fb8b6c2ffcb2469f293,hp_015.sol,honeypot,balance_disorder,True,"{
  ""deception_risk_score"": 8,
  ""is_honeypot"": true,
  ""honeypot_type"": ""balance_disorder"",
  ""withdrawal_possible_for_non_owner"": false,
  ""hidden_conditions"": [""the contract balance can be silently inflated by the owner, making the condition msg.value >= this.balance impossible to satisfy""],
  ""suspicious_patterns"": [""state variable Owner declared before functions, but can be used to restrict access"", ""require statement in Withdraw function restricts access to owner only""],
  ""explanation"": ""The contract appears to be a honeypot due to the balance disorder deception type, where the owner can silently inflate the contract balance, making it impossible for non-owners to satisfy the condition in the Guess function. The contract's design restricts access to the owner, and the Guess function's conditions are practically unachievable once the owner tops up the balance. This suggests that the contract is designed to trap victim funds.""
}","The contract appears to be a honeypot due to the balance disorder deception type, where the owner can silently inflate the contract balance, making it impossible for non-owners to satisfy the condition in the Guess function. The contract's design restricts access to the owner, and the Guess function's conditions are practically unachievable once the owner tops up the balance. This suggests that the contract is designed to trap victim funds.",8.0,"['state variable Owner declared before functions, but can be used to restrict access', 'require statement in Withdraw function restricts access to owner only']","['the contract balance can be silently inflated by the owner, making the condition msg.value >= this.balance impossible to satisfy']",False,balance_disorder,True
0xc9c8ef2588647e6f5acb6aaee637264d2632609d,hp_016.sol,honeypot,balance_disorder,True,"{
  ""deception_risk_score"": 8,
  ""is_honeypot"": true,
  ""honeypot_type"": ""balance_disorder"",
  ""withdrawal_possible_for_non_owner"": false,
  ""hidden_conditions"": [""the contract balance can be silently inflated by the owner, making the condition msg.value >= this.balance impossible to satisfy""],
  ""suspicious_patterns"": [""state variable Owner declared before functions, but can be used to restrict access"", ""require statement in Withdraw function restricts access to owner only""],
  ""explanation"": ""The contract appears to be a honeypot due to the balance disorder deception type, where the owner can silently inflate the contract balance, making it impossible for non-owners to satisfy the condition msg.value >= this.balance and withdraw funds. The contract's design restricts access to the owner, and the Guess function's conditions are practically unachievable once the owner tops up the balance. This suggests that the contract is designed to trap victim funds.""
}","The contract appears to be a honeypot due to the balance disorder deception type, where the owner can silently inflate the contract balance, making it impossible for non-owners to satisfy the condition msg.value >= this.balance and withdraw funds. The contract's design restricts access to the owner, and the Guess function's conditions are practically unachievable once the owner tops up the balance. This suggests that the contract is designed to trap victim funds.",8.0,"['state variable Owner declared before functions, but can be used to restrict access', 'require statement in Withdraw function restricts access to owner only']","['the contract balance can be silently inflated by the owner, making the condition msg.value >= this.balance impossible to satisfy']",False,balance_disorder,True
0xdf77e4a81fba17e0cc39dba521aa4167f388ed7c,hp_017.sol,honeypot,balance_disorder,True,"{
  ""deception_risk_score"": 8,
  ""is_honeypot"": true,
  ""honeypot_type"": ""balance_disorder"",
  ""withdrawal_possible_for_non_owner"": false,
  ""hidden_conditions"": [""the contract balance can be silently inflated by the owner, making the condition in the multiplicate function impossible to satisfy""],
  ""suspicious_patterns"": [""state variable declared before functions"", ""hardcoded owner address"", ""transfer to owner in withdraw function""],
  ""explanation"": ""The contract appears to be a honeypot due to the balance disorder deception type, where the owner can silently inflate the contract balance, making it impossible for non-owners to satisfy the condition in the multiplicate function. The contract only allows the owner to withdraw funds, and the multiplicate function can be used to trap victim funds. The contract's design suggests that it is intended to deceive users into sending Ether.""
}","The contract appears to be a honeypot due to the balance disorder deception type, where the owner can silently inflate the contract balance, making it impossible for non-owners to satisfy the condition in the multiplicate function. The contract only allows the owner to withdraw funds, and the multiplicate function can be used to trap victim funds. The contract's design suggests that it is intended to deceive users into sending Ether.",8.0,"['state variable declared before functions', 'hardcoded owner address', 'transfer to owner in withdraw function']","['the contract balance can be silently inflated by the owner, making the condition in the multiplicate function impossible to satisfy']",False,balance_disorder,True
0xe0527863df8abcb3caca7da329eb9c747822aa98,hp_018.sol,honeypot,balance_disorder,True,"{
  ""deception_risk_score"": 8,
  ""is_honeypot"": true,
  ""honeypot_type"": ""balance_disorder"",
  ""withdrawal_possible_for_non_owner"": false,
  ""hidden_conditions"": [""the contract balance can be silently inflated by the owner, making the condition in the multiplicate function impossible to satisfy""],
  ""suspicious_patterns"": [""hardcoded owner address"", ""state variable declared before functions""],
  ""explanation"": ""The contract appears to be a honeypot due to the balance_disorder deception type, where the owner can silently inflate the contract balance, making it impossible for non-owners to satisfy the condition in the multiplicate function. The contract's design allows the owner to drain all deposited Ether, while preventing victims from successfully withdrawing funds. The presence of a payable entry point with a win condition that requires msg.value to exceed the contract's current balance raises significant deception concerns.""
}","The contract appears to be a honeypot due to the balance_disorder deception type, where the owner can silently inflate the contract balance, making it impossible for non-owners to satisfy the condition in the multiplicate function. The contract's design allows the owner to drain all deposited Ether, while preventing victims from successfully withdrawing funds. The presence of a payable entry point with a win condition that requires msg.value to exceed the contract's current balance raises significant deception concerns.",8.0,"['hardcoded owner address', 'state variable declared before functions']","['the contract balance can be silently inflated by the owner, making the condition in the multiplicate function impossible to satisfy']",False,balance_disorder,True
0xe26e90598190a98c92c75204c9a4ecfe5983f8e0,hp_019.sol,honeypot,balance_disorder,True,"{
  ""deception_risk_score"": 8,
  ""is_honeypot"": true,
  ""honeypot_type"": ""balance_disorder"",
  ""withdrawal_possible_for_non_owner"": false,
  ""hidden_conditions"": [""the contract balance must be exceeded by the sender's value to trigger a payout, but the owner can silently inflate the contract balance""],
  ""suspicious_patterns"": [""state variable declared before functions"", ""require statement restricting withdrawal to owner only"", ""transfer to owner in withdraw function""],
  ""explanation"": ""The contract appears to be a honeypot due to the balance disorder deception type, where the owner can silently inflate the contract balance, making it impossible for non-owners to satisfy the condition in the multiplicate function. The contract's design restricts withdrawal to the owner only, and the multiplicate function's condition is practically unachievable once the owner tops up the balance. This suggests that the contract is intended to trap victim funds.""
}","The contract appears to be a honeypot due to the balance disorder deception type, where the owner can silently inflate the contract balance, making it impossible for non-owners to satisfy the condition in the multiplicate function. The contract's design restricts withdrawal to the owner only, and the multiplicate function's condition is practically unachievable once the owner tops up the balance. This suggests that the contract is intended to trap victim funds.",8.0,"['state variable declared before functions', 'require statement restricting withdrawal to owner only', 'transfer to owner in withdraw function']","[""the contract balance must be exceeded by the sender's value to trigger a payout, but the owner can silently inflate the contract balance""]",False,balance_disorder,True
0xfd1e3d3e641f224ce8e1117866cf3f01ed2d5d9f,hp_020.sol,honeypot,balance_disorder,True,"{
  ""deception_risk_score"": 8,
  ""is_honeypot"": true,
  ""honeypot_type"": ""balance_disorder"",
  ""withdrawal_possible_for_non_owner"": false,
  ""hidden_conditions"": [""the condition msg.value > this.balance is practically unachievable once the owner tops up the balance""],
  ""suspicious_patterns"": [""the owner can silently inflate the contract balance"", ""the guess function has a condition that is difficult to satisfy""],
  ""explanation"": ""The contract is a honeypot because the condition msg.value > this.balance in the guess function is practically unachievable once the owner tops up the balance, preventing non-owners from withdrawing funds. The owner can silently inflate the contract balance, making it impossible for victims to satisfy the winning condition. The contract's design allows the owner to drain all deposited Ether.""
}","The contract is a honeypot because the condition msg.value > this.balance in the guess function is practically unachievable once the owner tops up the balance, preventing non-owners from withdrawing funds. The owner can silently inflate the contract balance, making it impossible for victims to satisfy the winning condition. The contract's design allows the owner to drain all deposited Ether.",8.0,"['the owner can silently inflate the contract balance', 'the guess function has a condition that is difficult to satisfy']",['the condition msg.value > this.balance is practically unachievable once the owner tops up the balance'],False,balance_disorder,True
0x0595d187cac88f04466371eff3a6b6d1b12fb013,hp_021.sol,honeypot,hidden_state,True,"{
  ""deception_risk_score"": 8,
  ""is_honeypot"": true,
  ""honeypot_type"": ""hidden_state"",
  ""withdrawal_possible_for_non_owner"": false,
  ""hidden_conditions"": [""The contract's state variables are declared after the functions that reference them, making them invisible to casual readers"", ""The deployer can update the 'reciver' and 'hashPass' variables at will to lock out victims""],
  ""suspicious_patterns"": [""state variables declared after functions"", ""hardcoded conditions for withdrawal""],
  ""explanation"": ""The contract appears to be a honeypot due to its use of hidden state variables and hardcoded conditions for withdrawal, making it difficult for non-owners to successfully withdraw funds. The deployer can silently update the 'reciver' and 'hashPass' variables to lock out victims, and the contract's design allows for the owner to drain all deposited Ether.""
}","The contract appears to be a honeypot due to its use of hidden state variables and hardcoded conditions for withdrawal, making it difficult for non-owners to successfully withdraw funds. The deployer can silently update the 'reciver' and 'hashPass' variables to lock out victims, and the contract's design allows for the owner to drain all deposited Ether.",8.0,"['state variables declared after functions', 'hardcoded conditions for withdrawal']","[""The contract's state variables are declared after the functions that reference them, making them invisible to casual readers"", ""The deployer can update the 'reciver' and 'hashPass' variables at will to lock out victims""]",False,hidden_state,True
0x062e659a3c8991bc1739e72c68edb9ac7b5a8ca7,hp_022.sol,honeypot,hidden_state,True,"{
  ""deception_risk_score"": 8,
  ""is_honeypot"": true,
  ""honeypot_type"": ""hidden_state"",
  ""withdrawal_possible_for_non_owner"": false,
  ""hidden_conditions"": [""The contract owner can start the game and set the result, making it impossible for others to win"", ""The owner can stop the game and claim all funds""],
  ""suspicious_patterns"": [""state variable 'rouletteOwner' declared after functions"", ""function 'StartRoulette' allows owner to set the result""],
  ""explanation"": ""The contract appears to be a honeypot due to the 'hidden_state' deception type, where the owner can manipulate the game state to prevent others from winning. The 'rouletteOwner' variable is used to control access to the game, and the 'StartRoulette' function allows the owner to set the result, making it impossible for others to win. The 'StopGame' function also allows the owner to claim all funds, further indicating a honeypot.""
}","The contract appears to be a honeypot due to the 'hidden_state' deception type, where the owner can manipulate the game state to prevent others from winning. The 'rouletteOwner' variable is used to control access to the game, and the 'StartRoulette' function allows the owner to set the result, making it impossible for others to win. The 'StopGame' function also allows the owner to claim all funds, further indicating a honeypot.",8.0,"[""state variable 'rouletteOwner' declared after functions"", ""function 'StartRoulette' allows owner to set the result""]","['The contract owner can start the game and set the result, making it impossible for others to win', 'The owner can stop the game and claim all funds']",False,hidden_state,True
0x064656852581472f9b315fea4730fe18fb7c579a,hp_023.sol,honeypot,hidden_state,True,"{
  ""deception_risk_score"": 8,
  ""is_honeypot"": true,
  ""honeypot_type"": ""hidden_state"",
  ""withdrawal_possible_for_non_owner"": false,
  ""hidden_conditions"": [""responseHash can be updated by the questionSender in the newGame function, preventing non-owners from winning"", ""only the questionSender can end the game and claim the balance""],
  ""suspicious_patterns"": [""state variable questionSender declared before functions but can be updated by the deployer"", ""fallback function allows the contract to receive Ether without any restrictions""],
  ""explanation"": ""The contract appears to be a honeypot due to the hidden state variable questionSender, which can be updated by the deployer to prevent non-owners from winning. The newGame function allows the questionSender to update the responseHash, making it impossible for non-owners to satisfy the winning condition.""
}","The contract appears to be a honeypot due to the hidden state variable questionSender, which can be updated by the deployer to prevent non-owners from winning. The newGame function allows the questionSender to update the responseHash, making it impossible for non-owners to satisfy the winning condition.",8.0,"['state variable questionSender declared before functions but can be updated by the deployer', 'fallback function allows the contract to receive Ether without any restrictions']","['responseHash can be updated by the questionSender in the newGame function, preventing non-owners from winning', 'only the questionSender can end the game and claim the balance']",False,hidden_state,True
0x0684a256b8a6434cf10ee81bc1bcdcbba3365daa,hp_024.sol,honeypot,hidden_state,True,"{
  ""deception_risk_score"": 6,
  ""is_honeypot"": false,
  ""honeypot_type"": ""none"",
  ""withdrawal_possible_for_non_owner"": true,
  ""hidden_conditions"": [""require(msg.sender == tx.origin)"", ""msg.value > 1 ether""],
  ""suspicious_patterns"": [""require(msg.sender == tx.origin)"", ""fallback function is payable""],
  ""explanation"": ""The contract appears to be a simple game where users can submit answers to a question and win the contract's balance if their answer is correct. The contract has some suspicious patterns, such as the requirement that the sender must be the transaction origin and the fallback function being payable, but it does not exhibit any of the classic honeypot deception types. The contract's logic is relatively straightforward, and non-owners can potentially withdraw funds if they provide the correct answer.""
}","The contract appears to be a simple game where users can submit answers to a question and win the contract's balance if their answer is correct. The contract has some suspicious patterns, such as the requirement that the sender must be the transaction origin and the fallback function being payable, but it does not exhibit any of the classic honeypot deception types. The contract's logic is relatively straightforward, and non-owners can potentially withdraw funds if they provide the correct answer.",6.0,"['require(msg.sender == tx.origin)', 'fallback function is payable']","['require(msg.sender == tx.origin)', 'msg.value > 1 ether']",True,none,False
0x0cfa149c0a843e1f8d9bc5c6e6bebf901845cebe,hp_025.sol,honeypot,hidden_state,True,"{
  ""deception_risk_score"": 8,
  ""is_honeypot"": true,
  ""honeypot_type"": ""hidden_state"",
  ""withdrawal_possible_for_non_owner"": false,
  ""hidden_conditions"": [""The contract's state variable 'closed' is not visible to casual readers and can be manipulated by the deployer"", ""The 'sender' variable can be updated by the deployer to lock out victims""],
  ""suspicious_patterns"": [""state variable 'closed' declared after functions"", ""function 'SetPass' has a payable modifier but does not check for reentrancy"", ""function 'Revoce' has a payable modifier but only transfers funds to the 'sender'""],
  ""explanation"": ""The contract has a hidden state variable 'closed' that can be manipulated by the deployer to lock out victims. The 'sender' variable can also be updated by the deployer to prevent non-owners from withdrawing funds. The contract's logic is designed to favor the deployer, making it a potential honeypot.""
}","The contract has a hidden state variable 'closed' that can be manipulated by the deployer to lock out victims. The 'sender' variable can also be updated by the deployer to prevent non-owners from withdrawing funds. The contract's logic is designed to favor the deployer, making it a potential honeypot.",8.0,"[""state variable 'closed' declared after functions"", ""function 'SetPass' has a payable modifier but does not check for reentrancy"", ""function 'Revoce' has a payable modifier but only transfers funds to the 'sender'""]","[""The contract's state variable 'closed' is not visible to casual readers and can be manipulated by the deployer"", ""The 'sender' variable can be updated by the deployer to lock out victims""]",False,hidden_state,True
0x0e35f4f608d4a8fa560595db79cfda02d790777b,hp_026.sol,honeypot,hidden_state,True,"{
  ""deception_risk_score"": 6,
  ""is_honeypot"": false,
  ""honeypot_type"": ""none"",
  ""withdrawal_possible_for_non_owner"": true,
  ""hidden_conditions"": [""responseHash must match keccak256(_response)"", ""msg.value must be greater than 1 ether""],
  ""suspicious_patterns"": [""use of Solidity version 0.4.20, which is outdated"", ""use of a fallback function""],
  ""explanation"": ""The contract appears to be a simple quiz game where players can submit answers and win the contract's balance if their answer matches the expected response. While there are some suspicious patterns, such as the use of an outdated Solidity version and a fallback function, the contract does not exhibit any of the typical honeypot deception types. However, the contract's logic is still vulnerable to potential issues, such as the requirement for a player to send more than 1 ether to win.""
}","The contract appears to be a simple quiz game where players can submit answers and win the contract's balance if their answer matches the expected response. While there are some suspicious patterns, such as the use of an outdated Solidity version and a fallback function, the contract does not exhibit any of the typical honeypot deception types. However, the contract's logic is still vulnerable to potential issues, such as the requirement for a player to send more than 1 ether to win.",6.0,"['use of Solidity version 0.4.20, which is outdated', 'use of a fallback function']","['responseHash must match keccak256(_response)', 'msg.value must be greater than 1 ether']",True,none,False
0x0e8f2803fa16492b948bc470c69e99460942db2b,hp_027.sol,honeypot,hidden_state,True,"{
  ""deception_risk_score"": 6,
  ""is_honeypot"": false,
  ""honeypot_type"": ""none"",
  ""withdrawal_possible_for_non_owner"": true,
  ""hidden_conditions"": [""require(msg.sender == tx.origin)"", ""require(msg.value>0.01 ether)""],
  ""suspicious_patterns"": [""hardcoded value in require statement"", ""use of tx.origin""],
  ""explanation"": ""The contract appears to be a simple quiz game where players can play and potentially win Ether. While there are some suspicious patterns, such as the use of tx.origin and hardcoded values, the contract does not exhibit any of the classic honeypot deception types. The contract's logic is relatively straightforward, and non-owners can potentially withdraw funds if they provide the correct response.""
}","The contract appears to be a simple quiz game where players can play and potentially win Ether. While there are some suspicious patterns, such as the use of tx.origin and hardcoded values, the contract does not exhibit any of the classic honeypot deception types. The contract's logic is relatively straightforward, and non-owners can potentially withdraw funds if they provide the correct response.",6.0,"['hardcoded value in require statement', 'use of tx.origin']","['require(msg.sender == tx.origin)', 'require(msg.value>0.01 ether)']",True,none,False
0x11f4306f9812b80e75c1411c1cf296b04917b2f0,hp_028.sol,honeypot,hidden_state,True,"{
  ""deception_risk_score"": 6,
  ""is_honeypot"": false,
  ""honeypot_type"": ""none"",
  ""withdrawal_possible_for_non_owner"": true,
  ""hidden_conditions"": [""random number generation may not favor the player"", ""bet amount must be exactly 1 ether""],
  ""suspicious_patterns"": [""use of throw statement"", ""old solidity version""],
  ""explanation"": ""The contract appears to be a simple betting game where players can bet 1 ether and potentially win 2 ether. The contract uses a random number generator to determine the outcome of the bet. While the contract has some suspicious patterns, such as the use of an old solidity version and a throw statement, it does not appear to be a honeypot contract. The owner of the contract can lock and unlock the game, as well as release funds, but non-owners can still participate in the game and potentially win.""
}","The contract appears to be a simple betting game where players can bet 1 ether and potentially win 2 ether. The contract uses a random number generator to determine the outcome of the bet. While the contract has some suspicious patterns, such as the use of an old solidity version and a throw statement, it does not appear to be a honeypot contract. The owner of the contract can lock and unlock the game, as well as release funds, but non-owners can still participate in the game and potentially win.",6.0,"['use of throw statement', 'old solidity version']","['random number generation may not favor the player', 'bet amount must be exactly 1 ether']",True,none,False
0x1237b26652eebf1cb8f59e07e07101c0df4f60f6,hp_029.sol,honeypot,hidden_state,True,"{
  ""deception_risk_score"": 8,
  ""is_honeypot"": true,
  ""honeypot_type"": ""hidden_state"",
  ""withdrawal_possible_for_non_owner"": false,
  ""hidden_conditions"": [""responseHash can be updated by the questionSender at any time, making it impossible for others to win"", ""only the questionSender can stop the game and withdraw funds""],
  ""suspicious_patterns"": [""state variable responseHash can be reset by the questionSender"", ""questionSender has full control over the game state""],
  ""explanation"": ""The contract allows the questionSender to update the responseHash and question at any time, making it impossible for others to win. The questionSender also has full control over the game state and can stop the game and withdraw funds, indicating a honeypot deception.""
}","The contract allows the questionSender to update the responseHash and question at any time, making it impossible for others to win. The questionSender also has full control over the game state and can stop the game and withdraw funds, indicating a honeypot deception.",8.0,"['state variable responseHash can be reset by the questionSender', 'questionSender has full control over the game state']","['responseHash can be updated by the questionSender at any time, making it impossible for others to win', 'only the questionSender can stop the game and withdraw funds']",False,hidden_state,True
0x129e719c424a7a6fbdeb7ca3d65186892d54ea8c,hp_030.sol,honeypot,hidden_state,True,"{
  ""deception_risk_score"": 8,
  ""is_honeypot"": true,
  ""honeypot_type"": ""balance_disorder"",
  ""withdrawal_possible_for_non_owner"": false,
  ""hidden_conditions"": [""the contract balance can be silently inflated by the owner, making the condition msg.value > this.balance practically unachievable""],
  ""suspicious_patterns"": [""the contract has a payable fallback function"", ""the owner can update the responseHash and Question variables at will""],
  ""explanation"": ""The contract appears to be a honeypot due to the balance disorder deception type, where the owner can silently inflate the contract balance, making it impossible for victims to satisfy the condition msg.value > this.balance and withdraw funds. The contract's design allows the owner to control the game state and drain the contract balance at will.""
}","The contract appears to be a honeypot due to the balance disorder deception type, where the owner can silently inflate the contract balance, making it impossible for victims to satisfy the condition msg.value > this.balance and withdraw funds. The contract's design allows the owner to control the game state and drain the contract balance at will.",8.0,"['the contract has a payable fallback function', 'the owner can update the responseHash and Question variables at will']","['the contract balance can be silently inflated by the owner, making the condition msg.value > this.balance practically unachievable']",False,balance_disorder,True
0x137e531680b5d1f5645cd73a450323f1645d5034,hp_031.sol,honeypot,hidden_state,True,"{
  ""deception_risk_score"": 6,
  ""is_honeypot"": false,
  ""honeypot_type"": ""none"",
  ""withdrawal_possible_for_non_owner"": true,
  ""hidden_conditions"": [""response must match the hashed response set by the question sender"", ""player must send more than 1 ether""],
  ""suspicious_patterns"": [""use of older Solidity version"", ""fallback function allows anyone to send ether to the contract""],
  ""explanation"": ""The contract appears to be a simple game where players can answer a question and win the contract's balance if their response matches the expected hash. While there are some suspicious patterns, such as the use of an older Solidity version and a fallback function, the contract's logic does not seem to contain any honeypot deception mechanisms.""
}","The contract appears to be a simple game where players can answer a question and win the contract's balance if their response matches the expected hash. While there are some suspicious patterns, such as the use of an older Solidity version and a fallback function, the contract's logic does not seem to contain any honeypot deception mechanisms.",6.0,"['use of older Solidity version', 'fallback function allows anyone to send ether to the contract']","['response must match the hashed response set by the question sender', 'player must send more than 1 ether']",True,none,False
0x13c547ff0888a0a876e6f1304eaefe9e6e06fc4b,hp_032.sol,honeypot,hidden_state,True,"{
  ""deception_risk_score"": 8,
  ""is_honeypot"": true,
  ""honeypot_type"": ""hidden_state"",
  ""withdrawal_possible_for_non_owner"": false,
  ""hidden_conditions"": [""The contract requires the sender to know the hashPass to withdraw funds"", ""The sender must also be the one who set the hashPass""],
  ""suspicious_patterns"": [""state variable declared after functions"", ""use of payable functions without clear purpose""],
  ""explanation"": ""The contract appears to be a honeypot due to its use of hidden state variables and complex logic that makes it difficult for non-owners to withdraw funds. The contract's design allows the owner to set a password hash and then use it to control access to the contract's funds, making it a potential trap for unsuspecting users.""
}","The contract appears to be a honeypot due to its use of hidden state variables and complex logic that makes it difficult for non-owners to withdraw funds. The contract's design allows the owner to set a password hash and then use it to control access to the contract's funds, making it a potential trap for unsuspecting users.",8.0,"['state variable declared after functions', 'use of payable functions without clear purpose']","['The contract requires the sender to know the hashPass to withdraw funds', 'The sender must also be the one who set the hashPass']",False,hidden_state,True
0x159d2829613b0fe363e462b218c695c6eae0a5e1,hp_033.sol,honeypot,hidden_state,True,"{
  ""deception_risk_score"": 8,
  ""is_honeypot"": true,
  ""honeypot_type"": ""hidden_state"",
  ""withdrawal_possible_for_non_owner"": false,
  ""hidden_conditions"": [""responseHash can be updated by the questionSender at any time, preventing a non-owner from winning"", ""questionSender has full control over the game state""],
  ""suspicious_patterns"": [""state variable declared after functions"", ""questionSender has privileged access to update game state""],
  ""explanation"": ""The contract allows the questionSender to update the responseHash and question at any time, effectively giving them control over the game state and preventing non-owners from winning. This hidden state manipulation makes it a honeypot contract.""
}","The contract allows the questionSender to update the responseHash and question at any time, effectively giving them control over the game state and preventing non-owners from winning. This hidden state manipulation makes it a honeypot contract.",8.0,"['state variable declared after functions', 'questionSender has privileged access to update game state']","['responseHash can be updated by the questionSender at any time, preventing a non-owner from winning', 'questionSender has full control over the game state']",False,hidden_state,True
0x16aae4b322501c339ed31a41fb915ae305528585,hp_034.sol,honeypot,hidden_state,True,"{
  ""deception_risk_score"": 8,
  ""is_honeypot"": true,
  ""honeypot_type"": ""hidden_state"",
  ""withdrawal_possible_for_non_owner"": false,
  ""hidden_conditions"": [""responseHash can be updated by the questionSender, preventing others from guessing correctly"", ""questionSender can drain funds using StopQuiz or NewQuiz""],
  ""suspicious_patterns"": [""state variable questionSender can be used to control access to funds"", ""function NewQuiz allows questionSender to update responseHash""],
  ""explanation"": ""The contract appears to be a honeypot due to the hidden state variable questionSender, which allows the deployer to control access to funds and update the responseHash, making it impossible for others to guess correctly and withdraw funds. The contract's design enables the deployer to drain funds at will, while victims are left with no chance of winning.""
}","The contract appears to be a honeypot due to the hidden state variable questionSender, which allows the deployer to control access to funds and update the responseHash, making it impossible for others to guess correctly and withdraw funds. The contract's design enables the deployer to drain funds at will, while victims are left with no chance of winning.",8.0,"['state variable questionSender can be used to control access to funds', 'function NewQuiz allows questionSender to update responseHash']","['responseHash can be updated by the questionSender, preventing others from guessing correctly', 'questionSender can drain funds using StopQuiz or NewQuiz']",False,hidden_state,True
0x197803b104641fbf6e206a425d9dc35dadc4f62f,hp_035.sol,honeypot,hidden_state,True,"{
  ""deception_risk_score"": 8,
  ""is_honeypot"": true,
  ""honeypot_type"": ""hidden_state"",
  ""withdrawal_possible_for_non_owner"": false,
  ""hidden_conditions"": [""The contract can be locked by the owner by calling StopGame, preventing further withdrawals"", ""The owner can silently inflate the contract balance by calling StartRoulette or StopGame with a high msg.value""],
  ""suspicious_patterns"": [""state variable 'finished' can be reset by the owner"", ""hardcoded condition in Play function requires msg.sender to be tx.origin"", ""owner can selfdestruct the contract and drain funds""],
  ""explanation"": ""The contract has a hidden state variable 'finished' that can be reset by the owner, and the owner can silently inflate the contract balance, making it difficult for non-owners to withdraw funds. The contract also has a suspicious pattern of allowing the owner to selfdestruct the contract and drain funds.""
}","The contract has a hidden state variable 'finished' that can be reset by the owner, and the owner can silently inflate the contract balance, making it difficult for non-owners to withdraw funds. The contract also has a suspicious pattern of allowing the owner to selfdestruct the contract and drain funds.",8.0,"[""state variable 'finished' can be reset by the owner"", 'hardcoded condition in Play function requires msg.sender to be tx.origin', 'owner can selfdestruct the contract and drain funds']","['The contract can be locked by the owner by calling StopGame, preventing further withdrawals', 'The owner can silently inflate the contract balance by calling StartRoulette or StopGame with a high msg.value']",False,hidden_state,True
0x19d0321ba91ed5edec4afe1da158a6b06bba03f0,hp_036.sol,honeypot,hidden_state,True,"{
  ""deception_risk_score"": 6,
  ""is_honeypot"": false,
  ""honeypot_type"": ""none"",
  ""withdrawal_possible_for_non_owner"": true,
  ""hidden_conditions"": [""responseHash must match keccak256(answer)"", ""msg.value > 1 ether""],
  ""suspicious_patterns"": [""hardcoded conditions for withdrawal"", ""use of keccak256 for answer verification""],
  ""explanation"": ""The contract appears to be a simple question-and-answer game where users can submit answers and potentially win the contract's balance. While there are some conditions that must be met for a user to withdraw funds, they are not overly complex or hidden, and the contract does not exhibit any of the classic honeypot deception types.""
}","The contract appears to be a simple question-and-answer game where users can submit answers and potentially win the contract's balance. While there are some conditions that must be met for a user to withdraw funds, they are not overly complex or hidden, and the contract does not exhibit any of the classic honeypot deception types.",6.0,"['hardcoded conditions for withdrawal', 'use of keccak256 for answer verification']","['responseHash must match keccak256(answer)', 'msg.value > 1 ether']",True,none,False
0x1dabd43e0f8a684a02712bcd767056e25026061c,hp_037.sol,honeypot,hidden_state,True,"{
  ""deception_risk_score"": 8,
  ""is_honeypot"": true,
  ""honeypot_type"": ""hidden_state"",
  ""withdrawal_possible_for_non_owner"": false,
  ""hidden_conditions"": [""The contract can be locked by the owner using the PassHasBeenSet function, preventing non-owners from withdrawing funds"", ""The owner can set the unlockTime to a future date, making it impossible for non-owners to withdraw funds""],
  ""suspicious_patterns"": [""state variable declared after functions"", ""owner can control the contract's state and prevent non-owners from withdrawing funds""],
  ""explanation"": ""The contract has a hidden state variable 'closed' that can be set to true by the owner, preventing non-owners from withdrawing funds. Additionally, the owner can control the 'unlockTime' variable, making it impossible for non-owners to withdraw funds until the specified time.""
}","The contract has a hidden state variable 'closed' that can be set to true by the owner, preventing non-owners from withdrawing funds. Additionally, the owner can control the 'unlockTime' variable, making it impossible for non-owners to withdraw funds until the specified time.",8.0,"['state variable declared after functions', ""owner can control the contract's state and prevent non-owners from withdrawing funds""]","['The contract can be locked by the owner using the PassHasBeenSet function, preventing non-owners from withdrawing funds', 'The owner can set the unlockTime to a future date, making it impossible for non-owners to withdraw funds']",False,hidden_state,True
0x704079e823e42a936bbaac5163434c2515473836,hp_078.sol,honeypot,hidden_state,False,"API_ERROR: Error code: 429 - {'error': {'message': 'Rate limit reached for model `llama-3.3-70b-versatile` in organization `org_01knhg10j2f42a16mp4fcm7dgz` service tier `on_demand` on tokens per day (TPD): Limit 100000, Used 99060, Requested 1810. Please try again in 12m31.68s. Need more tokens? Upgrade to Dev Tier today at https://console.groq.com/settings/billing', 'type': 'tokens', 'code': 'rate_limit_exceeded'}}",,,,,,,
0x8d4eb49f0ed7ee6d6e00fc76ea3e9c3898bf219d,hp_093.sol,honeypot,hidden_state,False,"API_ERROR: Error code: 429 - {'error': {'message': 'Rate limit reached for model `llama-3.3-70b-versatile` in organization `org_01knhg10j2f42a16mp4fcm7dgz` service tier `on_demand` on tokens per day (TPD): Limit 100000, Used 99078, Requested 1799. Please try again in 12m37.728s. Need more tokens? Upgrade to Dev Tier today at https://console.groq.com/settings/billing', 'type': 'tokens', 'code': 'rate_limit_exceeded'}}",,,,,,,
0x930dfbdc5e9f1984a8d87de29d6a79fbb2bb7b32,hp_094.sol,honeypot,hidden_state,False,"API_ERROR: Error code: 429 - {'error': {'message': 'Rate limit reached for model `llama-3.3-70b-versatile` in organization `org_01knhg10j2f42a16mp4fcm7dgz` service tier `on_demand` on tokens per day (TPD): Limit 100000, Used 99075, Requested 1799. Please try again in 12m35.136s. Need more tokens? Upgrade to Dev Tier today at https://console.groq.com/settings/billing', 'type': 'tokens', 'code': 'rate_limit_exceeded'}}",,,,,,,
0xc1574ab95106621686d6e480f378d79c0442fe33,hp_125.sol,honeypot,hidden_state,False,"API_ERROR: Error code: 429 - {'error': {'message': 'Rate limit reached for model `llama-3.3-70b-versatile` in organization `org_01knhg10j2f42a16mp4fcm7dgz` service tier `on_demand` on tokens per day (TPD): Limit 100000, Used 99069, Requested 1807. Please try again in 12m36.864s. Need more tokens? Upgrade to Dev Tier today at https://console.groq.com/settings/billing', 'type': 'tokens', 'code': 'rate_limit_exceeded'}}",,,,,,,
0x4dc76cfc65b14b3fd83c8bc8b895482f3cbc150a,hp_180.sol,honeypot,inheritance_disorder,False,"API_ERROR: Error code: 429 - {'error': {'message': 'Rate limit reached for model `llama-3.3-70b-versatile` in organization `org_01knhg10j2f42a16mp4fcm7dgz` service tier `on_demand` on tokens per day (TPD): Limit 100000, Used 99072, Requested 1785. Please try again in 12m20.448s. Need more tokens? Upgrade to Dev Tier today at https://console.groq.com/settings/billing', 'type': 'tokens', 'code': 'rate_limit_exceeded'}}",,,,,,,
0xb4c05e6e4cdb07c15095300d96a5735046eef999,hp_234.sol,honeypot,straw_man,False,"API_ERROR: Error code: 429 - {'error': {'message': 'Rate limit reached for model `llama-3.3-70b-versatile` in organization `org_01knhg10j2f42a16mp4fcm7dgz` service tier `on_demand` on tokens per day (TPD): Limit 100000, Used 99063, Requested 1862. Please try again in 13m19.199999999s. Need more tokens? Upgrade to Dev Tier today at https://console.groq.com/settings/billing', 'type': 'tokens', 'code': 'rate_limit_exceeded'}}",,,,,,,
0x04baddfb21723ec467e9993b715c5e0d673bac96,hp_252.sol,honeypot,uninitialised_struct,False,"API_ERROR: Error code: 429 - {'error': {'message': 'Rate limit reached for model `llama-3.3-70b-versatile` in organization `org_01knhg10j2f42a16mp4fcm7dgz` service tier `on_demand` on tokens per day (TPD): Limit 100000, Used 99054, Requested 1892. Please try again in 13m37.343999999s. Need more tokens? Upgrade to Dev Tier today at https://console.groq.com/settings/billing', 'type': 'tokens', 'code': 'rate_limit_exceeded'}}",,,,,,,
0x4fdc2078d8bc92e1ee594759d7362f94b60b1a3d,hp_262.sol,honeypot,uninitialised_struct,False,"API_ERROR: Error code: 429 - {'error': {'message': 'Rate limit reached for model `llama-3.3-70b-versatile` in organization `org_01knhg10j2f42a16mp4fcm7dgz` service tier `on_demand` on tokens per day (TPD): Limit 100000, Used 99066, Requested 2527. Please try again in 22m56.351999999s. Need more tokens? Upgrade to Dev Tier today at https://console.groq.com/settings/billing', 'type': 'tokens', 'code': 'rate_limit_exceeded'}}",,,,,,,
0x6324d9d0a23f5ddba165bf8cc61da455350895f2,hp_265.sol,honeypot,uninitialised_struct,False,"API_ERROR: Error code: 429 - {'error': {'message': 'Rate limit reached for model `llama-3.3-70b-versatile` in organization `org_01knhg10j2f42a16mp4fcm7dgz` service tier `on_demand` on tokens per day (TPD): Limit 100000, Used 99051, Requested 1992. Please try again in 15m1.152s. Need more tokens? Upgrade to Dev Tier today at https://console.groq.com/settings/billing', 'type': 'tokens', 'code': 'rate_limit_exceeded'}}",,,,,,,
0x2d05359a51ca13c4ac5f4437585afaf5bf2050f9,legit_007.sol,legitimate,,False,"API_ERROR: Error code: 429 - {'error': {'message': 'Rate limit reached for model `llama-3.3-70b-versatile` in organization `org_01knhg10j2f42a16mp4fcm7dgz` service tier `on_demand` on tokens per day (TPD): Limit 100000, Used 99045, Requested 4860. Please try again in 56m13.92s. Need more tokens? Upgrade to Dev Tier today at https://console.groq.com/settings/billing', 'type': 'tokens', 'code': 'rate_limit_exceeded'}}",,,,,,,
0x60bf91ac87fee5a78c28f7b67701fbcfa79c18ec,legit_010.sol,legitimate,,False,"API_ERROR: Error code: 429 - {'error': {'message': 'Rate limit reached for model `llama-3.3-70b-versatile` in organization `org_01knhg10j2f42a16mp4fcm7dgz` service tier `on_demand` on tokens per day (TPD): Limit 100000, Used 99024, Requested 3307. Please try again in 33m33.984s. Need more tokens? Upgrade to Dev Tier today at https://console.groq.com/settings/billing', 'type': 'tokens', 'code': 'rate_limit_exceeded'}}",,,,,,,
0xb919b2903e07293bc84372471a7081ecb69e8d36,legit_025.sol,legitimate,,False,"API_ERROR: Error code: 429 - {'error': {'message': 'Rate limit reached for model `llama-3.3-70b-versatile` in organization `org_01knhg10j2f42a16mp4fcm7dgz` service tier `on_demand` on tokens per day (TPD): Limit 100000, Used 99048, Requested 4752. Please try again in 54m43.2s. Need more tokens? Upgrade to Dev Tier today at https://console.groq.com/settings/billing', 'type': 'tokens', 'code': 'rate_limit_exceeded'}}",,,,,,,
0x1bbe973bef3a977fc51cbed703e8ffdefe001fed,legit_114.sol,legitimate,,False,"API_ERROR: Error code: 429 - {'error': {'message': 'Rate limit reached for model `llama-3.3-70b-versatile` in organization `org_01knhg10j2f42a16mp4fcm7dgz` service tier `on_demand` on tokens per day (TPD): Limit 100000, Used 99021, Requested 4348. Please try again in 48m30.816s. Need more tokens? Upgrade to Dev Tier today at https://console.groq.com/settings/billing', 'type': 'tokens', 'code': 'rate_limit_exceeded'}}",,,,,,,
0x32b4d049fe4c888d2b92eecaf729f44df6b1f36e,legit_174.sol,legitimate,,False,"API_ERROR: Error code: 429 - {'error': {'message': 'Rate limit reached for model `llama-3.3-70b-versatile` in organization `org_01knhg10j2f42a16mp4fcm7dgz` service tier `on_demand` on tokens per day (TPD): Limit 100000, Used 99033, Requested 4236. Please try again in 47m4.415999999s. Need more tokens? Upgrade to Dev Tier today at https://console.groq.com/settings/billing', 'type': 'tokens', 'code': 'rate_limit_exceeded'}}",,,,,,,
0x3cb373b4ec92a60d3233e4ea542ca12bcb1bd7ed,legit_198.sol,legitimate,,False,"API_ERROR: Error code: 429 - {'error': {'message': 'Rate limit reached for model `llama-3.3-70b-versatile` in organization `org_01knhg10j2f42a16mp4fcm7dgz` service tier `on_demand` on tokens per day (TPD): Limit 100000, Used 99030, Requested 4843. Please try again in 55m46.272s. Need more tokens? Upgrade to Dev Tier today at https://console.groq.com/settings/billing', 'type': 'tokens', 'code': 'rate_limit_exceeded'}}",,,,,,,
0x419d0d8bdd9af5e606ae2232ed285aff190e711b,legit_209.sol,legitimate,,False,"API_ERROR: Error code: 429 - {'error': {'message': 'Rate limit reached for model `llama-3.3-70b-versatile` in organization `org_01knhg10j2f42a16mp4fcm7dgz` service tier `on_demand` on tokens per day (TPD): Limit 100000, Used 99039, Requested 4105. Please try again in 45m16.416s. Need more tokens? Upgrade to Dev Tier today at https://console.groq.com/settings/billing', 'type': 'tokens', 'code': 'rate_limit_exceeded'}}",,,,,,,
0x4462914b78e2621fb1d18c3be52f6b5e677c0e2d,legit_221.sol,legitimate,,False,"API_ERROR: Error code: 429 - {'error': {'message': 'Rate limit reached for model `llama-3.3-70b-versatile` in organization `org_01knhg10j2f42a16mp4fcm7dgz` service tier `on_demand` on tokens per day (TPD): Limit 100000, Used 99027, Requested 4754. Please try again in 54m26.784s. Need more tokens? Upgrade to Dev Tier today at https://console.groq.com/settings/billing', 'type': 'tokens', 'code': 'rate_limit_exceeded'}}",,,,,,,
0x44b2af77a8036837eea739c169aa0f8972ed28b8,legit_223.sol,legitimate,,False,"API_ERROR: Error code: 429 - {'error': {'message': 'Rate limit reached for model `llama-3.3-70b-versatile` in organization `org_01knhg10j2f42a16mp4fcm7dgz` service tier `on_demand` on tokens per day (TPD): Limit 100000, Used 99042, Requested 3542. Please try again in 37m12.576s. Need more tokens? Upgrade to Dev Tier today at https://console.groq.com/settings/billing', 'type': 'tokens', 'code': 'rate_limit_exceeded'}}",,,,,,,
0x4824a7b64e3966b0133f4f4ffb1b9d6beb75fff7,legit_237.sol,legitimate,,False,"API_ERROR: Error code: 429 - {'error': {'message': 'Rate limit reached for model `llama-3.3-70b-versatile` in organization `org_01knhg10j2f42a16mp4fcm7dgz` service tier `on_demand` on tokens per day (TPD): Limit 100000, Used 99036, Requested 3942. Please try again in 42m52.992s. Need more tokens? Upgrade to Dev Tier today at https://console.groq.com/settings/billing', 'type': 'tokens', 'code': 'rate_limit_exceeded'}}",,,,,,,
