uses_tx_origin,has_fallback,fallback_reverts_non_owner,require_count,has_selfdestruct,has_withdrawal_function,withdrawal_owner_only,uses_inline_assembly,state_changes_before_external_calls,payable_to_withdraw_ratio,contract_id,filename,label
False,False,False,1,False,True,True,False,0,1.0,0x0bf0f154b176c5d90f24e506f10f7f583eb5334d,hp_001.sol,honeypot
False,False,False,1,False,True,True,False,0,1.0,0x0e77cb9d68b8bf3cc41561f8eda6c71e4a4b9ef7,hp_002.sol,honeypot
False,False,False,1,False,True,True,False,0,1.0,0x15d0e6cedd8ecc39daa60c63a3a5830eeca7d720,hp_003.sol,honeypot
False,True,False,1,True,False,False,False,0,4.0,0x1ebf20031b03b80e5f6fdbeb9f86d44145224006,hp_004.sol,honeypot
False,True,False,1,False,True,True,False,0,3.0,0x35c3034556b81132e682db2f879e6f30721b847c,hp_005.sol,honeypot
False,True,False,1,False,True,True,False,0,3.0,0x3bafb3af16203c817ee9208c6b8a748398dae689,hp_006.sol,honeypot
False,True,False,2,False,True,True,False,0,4.0,0x3e013fc32a54c4c5b6991ba539dcd0ec4355c859,hp_007.sol,honeypot
False,True,False,2,False,True,True,False,0,4.0,0x5aa88d2901c68fda244f1d0584400368d2c8e739,hp_008.sol,honeypot
False,True,False,3,True,True,True,False,1,3.0,0x5bb52e85c21ca3df3c71da6d03be19cff89e7cf9,hp_009.sol,honeypot
False,True,False,1,False,True,True,False,0,3.0,0x69bfbf000bd39444af2efba733829b04211252bc,hp_010.sol,honeypot
False,True,False,1,False,True,True,False,0,3.0,0x92e63be3a88df80f64ba4f829dd7ddf97e8b750b,hp_011.sol,honeypot
False,True,False,1,True,False,False,False,0,4.0,0x9cdfd805d73b4837bf3f7b2296996aaecc881e86,hp_012.sol,honeypot
False,True,False,1,False,True,True,False,0,3.0,0x9efc7a38552e63534a8e9b9558adabd73297f91d,hp_013.sol,honeypot
False,True,False,1,True,False,False,False,0,2.0,0x9f54d912a029380f2743aaf4ddd28c3f207cd719,hp_014.sol,honeypot
False,True,False,1,False,True,True,False,0,2.0,0xc7e4a9147601fdbc7d1c2fb8b6c2ffcb2469f293,hp_015.sol,honeypot
False,True,False,1,False,True,True,False,0,2.0,0xc9c8ef2588647e6f5acb6aaee637264d2632609d,hp_016.sol,honeypot
False,True,False,1,False,True,True,False,0,3.0,0xdf77e4a81fba17e0cc39dba521aa4167f388ed7c,hp_017.sol,honeypot
False,True,False,1,False,True,True,False,0,3.0,0xe0527863df8abcb3caca7da329eb9c747822aa98,hp_018.sol,honeypot
False,True,False,1,False,True,True,False,0,3.0,0xe26e90598190a98c92c75204c9a4ecfe5983f8e0,hp_019.sol,honeypot
False,False,False,1,False,True,True,False,0,1.0,0xfd1e3d3e641f224ce8e1117866cf3f01ed2d5d9f,hp_020.sol,honeypot
False,True,False,0,False,False,False,False,0,4.0,0x0595d187cac88f04466371eff3a6b6d1b12fb013,hp_021.sol,honeypot
True,True,False,2,False,False,False,False,0,4.0,0x062e659a3c8991bc1739e72c68edb9ac7b5a8ca7,hp_022.sol,honeypot
False,True,False,0,False,False,False,False,0,5.0,0x064656852581472f9b315fea4730fe18fb7c579a,hp_023.sol,honeypot
True,True,False,3,False,False,False,False,0,5.0,0x0684a256b8a6434cf10ee81bc1bcdcbba3365daa,hp_024.sol,honeypot
False,True,False,1,False,False,False,False,0,4.0,0x0cfa149c0a843e1f8d9bc5c6e6bebf901845cebe,hp_025.sol,honeypot
True,True,False,3,False,False,False,False,0,5.0,0x0e35f4f608d4a8fa560595db79cfda02d790777b,hp_026.sol,honeypot
True,True,False,3,False,False,False,False,0,5.0,0x0e8f2803fa16492b948bc470c69e99460942db2b,hp_027.sol,honeypot
False,True,False,0,False,False,False,False,0,2.0,0x11f4306f9812b80e75c1411c1cf296b04917b2f0,hp_028.sol,honeypot
True,True,False,3,False,False,False,False,0,5.0,0x1237b26652eebf1cb8f59e07e07101c0df4f60f6,hp_029.sol,honeypot
True,True,False,3,False,False,False,False,0,5.0,0x129e719c424a7a6fbdeb7ca3d65186892d54ea8c,hp_030.sol,honeypot
True,True,False,3,False,False,False,False,0,5.0,0x137e531680b5d1f5645cd73a450323f1645d5034,hp_031.sol,honeypot
False,True,False,0,False,False,False,False,0,4.0,0x13c547ff0888a0a876e6f1304eaefe9e6e06fc4b,hp_032.sol,honeypot
True,True,False,3,False,False,False,False,0,5.0,0x159d2829613b0fe363e462b218c695c6eae0a5e1,hp_033.sol,honeypot
False,True,False,0,False,False,False,False,0,5.0,0x16aae4b322501c339ed31a41fb915ae305528585,hp_034.sol,honeypot
True,True,False,2,True,False,False,False,0,4.0,0x197803b104641fbf6e206a425d9dc35dadc4f62f,hp_035.sol,honeypot
False,True,False,0,False,False,False,False,0,5.0,0x19d0321ba91ed5edec4afe1da158a6b06bba03f0,hp_036.sol,honeypot
False,True,False,1,False,False,False,False,0,4.0,0x1dabd43e0f8a684a02712bcd767056e25026061c,hp_037.sol,honeypot
True,True,False,3,False,False,False,False,0,5.0,0x1fbf025ad94dde79f88732f79966a9a435f2772f,hp_038.sol,honeypot
False,True,False,0,False,False,False,False,0,4.0,0x24cad91c063686c49f2ef26a24bf80329fb131c7,hp_039.sol,honeypot
False,True,False,0,False,False,False,False,0,3.0,0x2634baad203cba4aa4114c132b2e50a3a6027ff9,hp_040.sol,honeypot
False,True,False,0,False,False,False,False,0,3.0,0x265c91539255a96e1005a0fd11ca776c183d04f5,hp_041.sol,honeypot
False,True,False,0,False,False,False,False,0,3.0,0x26ae986bfab33f4cbadec30ea55b5eed9e883ecf,hp_042.sol,honeypot
True,True,False,3,False,False,False,False,0,5.0,0x2b98b39d39914b3aad05dd06a46868507156400d,hp_043.sol,honeypot
False,True,False,0,False,False,False,False,0,3.0,0x2cc8e271f11934f5fa15942dfda2b59432c2e0f3,hp_044.sol,honeypot
True,True,False,3,False,False,False,False,0,5.0,0x2e0794073ec7b08e40d80a41599bb31df042e4e5,hp_045.sol,honeypot
False,True,False,0,False,False,False,False,0,3.0,0x2e4eb4585cb949e53212e796cef13d562c24374b,hp_046.sol,honeypot
False,True,False,0,False,False,False,False,0,3.0,0x2fe321bbb468d71cc392dd95082efef181df2038,hp_047.sol,honeypot
False,True,False,1,False,False,False,False,0,4.0,0x34bc4f174c027a68f94a7ea6a3b4930e0211b19d,hp_048.sol,honeypot
False,True,False,0,False,False,False,False,0,4.0,0x3597f78c7872db259ce023acc34511c7a79f42e3,hp_049.sol,honeypot
True,True,False,3,False,False,False,False,0,5.0,0x3668eba58190c7bb2d63cb484467ff0a42fb3367,hp_050.sol,honeypot
True,True,False,3,False,False,False,False,0,5.0,0x36d5d7262784130de564e99f5c2eab2aa0484bce,hp_051.sol,honeypot
False,True,False,0,False,False,False,False,0,3.0,0x377f64e05c29309c8527022dbe5fbbfa8e40f6dd,hp_052.sol,honeypot
True,True,False,3,False,False,False,False,0,5.0,0x3b048ab84ddd61c2ffe89ede66d68ef27661c0f2,hp_053.sol,honeypot
False,True,False,0,False,False,False,False,0,2.0,0x3c3f481950fa627bb9f39a04bccdc88f4130795b,hp_054.sol,honeypot
True,True,False,3,False,False,False,False,0,5.0,0x3caf97b4d97276d75185aaf1dcf3a2a8755afe27,hp_055.sol,honeypot
True,True,False,3,False,False,False,False,0,5.0,0x40ef62929748b3e045fd2036322880ef486e4454,hp_056.sol,honeypot
False,True,False,0,False,False,False,False,0,4.0,0x448fcea60482c0ea5d02fa44648c3749c46c4a29,hp_057.sol,honeypot
False,True,False,0,False,False,False,False,0,3.0,0x4876bca6feab4243e4370bddc92f5a8364de9df9,hp_058.sol,honeypot
True,True,False,3,False,False,False,False,0,5.0,0x4a73d9fe078fa67601047f88c3e6c270602e5709,hp_059.sol,honeypot
True,True,False,3,False,False,False,False,0,5.0,0x4aec37ae465e1d78649aff117bab737c5fb4f214,hp_060.sol,honeypot
True,True,False,3,False,False,False,False,0,5.0,0x4bc53ead2ae82e0c723ee8e3d7bacfb1fafea1ce,hp_061.sol,honeypot
True,True,False,3,False,False,False,False,0,5.0,0x4c4757b23526ba13876f8ef3efe973618266e3e8,hp_062.sol,honeypot
True,True,False,3,False,False,False,False,0,5.0,0x4ca675d62a05c451555c93e456f902bd3e423586,hp_063.sol,honeypot
False,True,False,0,False,False,False,False,0,3.0,0x4d200a0a7066af311baba7a647b1cce54ae2f9a5,hp_064.sol,honeypot
True,True,False,3,False,False,False,False,0,5.0,0x52682a037a8deab04e708055c751556a0840897a,hp_065.sol,honeypot
False,True,False,0,False,False,False,False,0,3.0,0x53018f93f9240cf7e01301cdc4b3e45d25481f73,hp_066.sol,honeypot
True,True,False,2,False,False,False,False,1,4.0,0x57684f9059afbf7bb11b07263500292ac9d78e7b,hp_067.sol,honeypot
False,True,False,0,False,False,False,False,0,5.0,0x590d1d5ba0feb249d42c527ae21d12f2e5768a87,hp_068.sol,honeypot
True,True,False,3,False,False,False,False,0,5.0,0x59434a7b9aeebe94045d3715aa020f6a1d7875ad,hp_069.sol,honeypot
True,True,False,3,False,False,False,False,0,5.0,0x5ccfcdc1c88134993f48a898ae8e9e35853b2068,hp_070.sol,honeypot
True,True,False,2,False,False,False,False,1,4.0,0x611ae0be21a9c0ab284a4a68c8c44843330072a7,hp_071.sol,honeypot
False,True,False,0,False,False,False,False,0,4.0,0x64669148bca4f3d1216127a46380a67b37bbf63e,hp_072.sol,honeypot
False,True,False,1,False,False,False,False,0,4.0,0x6594ac0a2ba54885ff7d314eb27c9694cb25698b,hp_073.sol,honeypot
False,True,False,0,False,False,False,False,0,3.0,0x686847351a61eb1cae8ac0efa4208ff689fd53f2,hp_074.sol,honeypot
False,True,False,0,False,True,False,False,0,2.0,0x68af0f18c974a9603ec863fefcebb4ceb2589070,hp_075.sol,honeypot
True,True,False,0,False,False,False,False,0,4.0,0x6ce3fef99a6a4a8d1cc55d980966459854b3b021,hp_076.sol,honeypot
False,True,False,0,False,False,False,False,0,3.0,0x6f905e47d3e6a9cc286b8250181ee5a0441acc81,hp_077.sol,honeypot
True,True,False,3,False,False,False,False,0,5.0,0x704079e823e42a936bbaac5163434c2515473836,hp_078.sol,honeypot
True,True,False,3,False,False,False,False,0,5.0,0x70bf9df6967dc96156e76cc43b928a7ef02e159a,hp_079.sol,honeypot
True,True,False,3,False,False,False,False,0,5.0,0x735906d7ab237eeea06f4af86795bb4e0ec199e0,hp_080.sol,honeypot
False,True,False,0,False,False,False,False,0,3.0,0x75041597d8f6e869092d78b9814b7bcdeeb393b4,hp_081.sol,honeypot
False,True,False,0,False,False,False,False,0,3.0,0x75658ed3dba1e12644d2cd9272ba9ee888f4c417,hp_082.sol,honeypot
False,True,False,0,False,False,False,False,0,4.0,0x7b3c3a05fcbf18db060ef29250769cee961d75ac,hp_083.sol,honeypot
False,True,False,0,False,False,False,False,0,4.0,0x7fefc8bf6e44784ed016d08557e209169095f0f3,hp_084.sol,honeypot
False,True,False,0,False,False,False,False,0,3.0,0x7ffc2bd9431b059c509b45b33e77852d47de827d,hp_085.sol,honeypot
True,True,False,3,False,False,False,False,0,5.0,0x85044611b5954739dbde0ccb9aae6bb18e38e38b,hp_086.sol,honeypot
True,True,False,3,False,False,False,False,0,5.0,0x878e6c6f9a86a1e5d313e7b872ccd109135e91b4,hp_087.sol,honeypot
False,True,False,0,False,False,False,False,0,5.0,0x8a36f3e0da7b36fd22fcf2844c21e812279372ac,hp_088.sol,honeypot
False,True,False,0,False,False,False,False,0,3.0,0x8bbf2d91e3c601df2c71c4ee98e87351922f8aa7,hp_089.sol,honeypot
False,True,False,0,False,False,False,False,0,3.0,0x8bce9d720745b93c58c505fc0d842a7d9cd59697,hp_090.sol,honeypot
True,True,False,3,False,False,False,False,0,5.0,0x8cc5d9de2c8df87f2d40d84aa78049ea6e61f973,hp_091.sol,honeypot
False,True,False,0,False,False,False,False,0,3.0,0x8d056569b215c8b56e4b3a615dac425d8d2352a4,hp_092.sol,honeypot
False,True,False,0,False,False,False,False,0,3.0,0x8d4eb49f0ed7ee6d6e00fc76ea3e9c3898bf219d,hp_093.sol,honeypot
False,True,False,0,False,False,False,False,0,3.0,0x930dfbdc5e9f1984a8d87de29d6a79fbb2bb7b32,hp_094.sol,honeypot
False,True,False,0,False,False,False,False,0,5.0,0x96fa4b2bebbbc9ffdb7d64ed18058de27680752c,hp_095.sol,honeypot
True,True,False,0,False,False,False,False,0,4.0,0x99bab102c0a03438bcfd70119f07ee646db26ddf,hp_096.sol,honeypot
False,True,False,0,False,False,False,False,0,4.0,0x9bdb9d9bd3e348d93453400e46e71dd519c60503,hp_097.sol,honeypot
True,True,False,3,False,False,False,False,0,5.0,0xa0f9e5283fbf6d735e1e3a0f724ea6cccc13c27a,hp_098.sol,honeypot
True,True,False,3,False,False,False,False,0,5.0,0xa379eda47d90fb4bc2dfa54556421ff0f198ca47,hp_099.sol,honeypot
True,True,False,3,False,False,False,False,0,5.0,0xa48a36d94024f861b453267468b9096e4a3eb8be,hp_100.sol,honeypot
True,True,False,3,False,False,False,False,0,5.0,0xa630823bd70ab8e8e2d6e62089d3837db1887bf6,hp_101.sol,honeypot
True,True,False,3,False,False,False,False,0,5.0,0xa9aebbf67433e3e8206af6fc2ddd99ff8e7cc137,hp_102.sol,honeypot
False,True,False,0,False,False,False,False,0,3.0,0xaa3a6f5bddd02a08c8651f7e285e2bec33ea5e53,hp_103.sol,honeypot
False,True,False,0,False,False,False,False,0,3.0,0xaa4fd1781246f0b9a63921f7aee292311ea05bf7,hp_104.sol,honeypot
False,True,False,0,False,True,False,False,0,3.0,0xabcdd0dbc5ba15804f5de963bd60491e48c3ef0b,hp_105.sol,honeypot
True,True,False,3,False,False,False,False,0,5.0,0xacfc9577583ded00ae53ae79a0346cca4655c0bb,hp_106.sol,honeypot
False,True,False,1,False,False,False,False,0,4.0,0xaded0438139b495db87d3f70f0991336df97136f,hp_107.sol,honeypot
False,True,False,0,False,False,False,False,0,3.0,0xae3bf0f077ed66dda9fb1b5475942c919ef3bb0d,hp_108.sol,honeypot
False,True,False,0,False,False,False,False,0,5.0,0xaea5418057d0e37a6e69e588e7f393e946846d62,hp_109.sol,honeypot
False,True,False,0,False,False,False,False,0,3.0,0xaec8162438b83646518f3bf3a70b048979f81fab,hp_110.sol,honeypot
True,True,False,2,True,False,False,False,0,4.0,0xaf531dc0b3b1151af48f3d638eeb6fe6acdfd59f,hp_111.sol,honeypot
True,True,False,3,False,False,False,False,0,5.0,0xb19117892e2b2aaa418e75f61d7d1c05f86b66bd,hp_112.sol,honeypot
False,True,False,0,False,False,False,False,0,4.0,0xb38beba95e0e21a97466c452454debe2658527f7,hp_113.sol,honeypot
False,True,False,0,False,False,False,False,0,4.0,0xb49b1dddf1b3d6e878fd9b73874da7ab0da7e004,hp_114.sol,honeypot
True,True,False,3,False,False,False,False,0,5.0,0xb5c424cd005cd1ccc155654b551c4453346e0718,hp_115.sol,honeypot
False,True,False,8,False,False,False,False,1,13.0,0xb620cee6b52f96f3c6b253e6eea556aa2d214a99,hp_116.sol,honeypot
True,True,False,2,False,False,False,False,0,4.0,0xb6f6f6f47e92e517876d30c04198f45a3bc1b281,hp_117.sol,honeypot
False,True,False,0,False,False,False,False,0,3.0,0xb91a6c5c6362b10db6440d690e5391bb1eabe591,hp_118.sol,honeypot
True,True,False,2,True,False,False,False,0,4.0,0xbae339b730cb3a58eff2f2f2fa4af579332c3e1c,hp_119.sol,honeypot
True,True,False,3,False,False,False,False,0,5.0,0xbb51397fb8d3b91a08eff3c34d5c869c1d149ec5,hp_120.sol,honeypot
False,True,False,0,False,False,False,False,0,3.0,0xbc272b58e7cd0a6002c95afd1f208898d756c580,hp_121.sol,honeypot
True,True,False,3,False,False,False,False,0,5.0,0xbd53a4db4003c59070abbfa4e6c31afbf0b26843,hp_122.sol,honeypot
False,True,False,0,False,False,False,False,0,4.0,0xbf5fb038c28df2b8821988da78c3ebdbf7aa5ac7,hp_123.sol,honeypot
True,True,False,3,False,False,False,False,0,5.0,0xc034cf94f7ced9c968cc75210d1b5ddaccacfbf4,hp_124.sol,honeypot
True,True,False,3,False,False,False,False,0,5.0,0xc1574ab95106621686d6e480f378d79c0442fe33,hp_125.sol,honeypot
False,True,False,0,False,False,False,False,0,3.0,0xc1d73e148590b60ce9dd42d141f9b27bbad07879,hp_126.sol,honeypot
False,True,False,0,False,False,False,False,0,3.0,0xc304349d7cc07407b7844d54218d29d1a449b854,hp_127.sol,honeypot
False,True,False,0,False,False,False,False,0,3.0,0xc5ce9c06a0caf0e4cbd90572b6550feafd69b740,hp_128.sol,honeypot
False,True,False,0,False,False,False,False,0,4.0,0xc6389ef3d79cf17a5d103bd0f06f83cf76b14258,hp_129.sol,honeypot
True,True,False,3,False,False,False,False,0,5.0,0xc77081641129a028d622f85671ea172ac5595938,hp_130.sol,honeypot
True,True,False,3,False,False,False,False,0,5.0,0xc78f0fdfb708689cbe6629175b66958eaa89e7d0,hp_131.sol,honeypot
True,True,False,3,False,False,False,False,0,5.0,0xc7e454770433c071dd1863eeb27fb7e1adbd3361,hp_132.sol,honeypot
True,True,False,3,False,False,False,False,0,5.0,0xcaa7b8aa3bc78dda98af8fee1390f34e756a5f55,hp_133.sol,honeypot
False,True,False,0,False,False,False,False,0,3.0,0xcb71b51d9159a49050d56516737b4b497e98bb99,hp_134.sol,honeypot
True,True,False,3,False,False,False,False,0,5.0,0xce6b1aff0fe66da643d7a9a64d4747293628d667,hp_135.sol,honeypot
True,True,False,3,False,False,False,False,0,5.0,0xcea86636608bacb632dfd1606a0dc1728b625387,hp_136.sol,honeypot
False,True,False,0,False,False,False,False,0,4.0,0xd0981f1e922be67f2d0bb4f0c86f98f039dd24cc,hp_137.sol,honeypot
False,True,False,0,False,False,False,False,0,3.0,0xd6bc92a0f5a2bc17207283679c5ddcc108fd3710,hp_138.sol,honeypot
True,True,False,2,True,False,False,False,0,4.0,0xd87eaad7afb256c69526a490f402a658f12246fd,hp_139.sol,honeypot
False,True,False,0,False,False,False,False,0,2.0,0xd8993f49f372bb014fb088eabec95cfdc795cbf6,hp_140.sol,honeypot
True,True,False,3,False,False,False,False,0,5.0,0xdda2044b39fdb4db77ac085866179c548e5d0f15,hp_141.sol,honeypot
True,True,False,3,False,False,False,False,0,5.0,0xde82658c23f034d71827c215fdfbce0d4e248ccd,hp_142.sol,honeypot
True,True,False,3,False,False,False,False,0,5.0,0xe1ccb3a5bae6fecdb9b60c0acf94989f48c10742,hp_143.sol,honeypot
False,True,False,0,False,False,False,False,0,3.0,0xe3b0fe57f7de3281579a504dcc3af491afbb23e5,hp_144.sol,honeypot
True,True,False,3,False,False,False,False,0,5.0,0xe3d085b7bdf97c6d003abcec2003b9c5b120d616,hp_145.sol,honeypot
False,True,False,0,False,False,False,False,0,4.0,0xe830d955cbe549d9bcf55e3960b86ffac6ef83f1,hp_146.sol,honeypot
False,True,False,0,False,False,False,False,0,5.0,0xed55fb58ea9de1f484addcc970463218b4d89cfe,hp_147.sol,honeypot
True,True,False,3,False,False,False,False,0,5.0,0xed710216da4b1416a78768790ca9aa3633ca110f,hp_148.sol,honeypot
False,True,False,0,False,False,False,False,0,3.0,0xef75f477126d05519d965d116fc9606e60fc70a8,hp_149.sol,honeypot
False,True,False,0,False,False,False,False,0,4.0,0xefbfc3f373c9cc5c0375403177d71bcc387d3597,hp_150.sol,honeypot
True,True,False,3,False,False,False,False,0,5.0,0xf0344800bd3ffa687e4d780357961b28995a5f46,hp_151.sol,honeypot
False,True,False,0,False,False,False,False,0,4.0,0xf3f3dd2b5d9f3de1b1ceb6ad84683bf31adf29d1,hp_152.sol,honeypot
True,True,False,3,False,False,False,False,0,5.0,0xfac1c7270bc5b0664e27e7f2e82281d564aedf4e,hp_153.sol,honeypot
True,True,False,3,False,False,False,False,0,5.0,0xff45211ebdfc7ebcc458e584bcec4eac19d6a624,hp_154.sol,honeypot
False,False,False,1,False,True,False,False,0,3.0,0x3d8a10ce3228cb428cb56baa058d4432464ea25d,hp_155.sol,honeypot
False,True,False,2,False,True,True,False,1,4.0,0x3f2ef511aa6e75231e4deafc7a3d2ecab3741de2,hp_156.sol,honeypot
False,True,False,1,False,True,True,False,0,2.0,0x55654a38372617aedd583009f76e28700e48fdad,hp_157.sol,honeypot
False,True,False,2,False,True,True,False,1,4.0,0x78c2a1e91b52bca4130b6ed9edd9fbcfd4671c37,hp_158.sol,honeypot
False,True,False,2,False,True,True,False,1,4.0,0x7a4349a749e59a5736efb7826ee3496a2dfd5489,hp_159.sol,honeypot
False,True,False,2,False,True,True,False,1,4.0,0x806a6bd219f162442d992bdc4ee6eba1f2c5a707,hp_160.sol,honeypot
False,True,False,2,False,True,True,False,1,4.0,0xc7f4ade4874e06a20fab9c5dc4f1dd8b6d85faf2,hp_161.sol,honeypot
False,True,False,2,False,True,True,False,1,4.0,0xd2018bfaa266a9ec0a1a84b061640faa009def76,hp_162.sol,honeypot
False,True,False,2,False,True,True,False,1,4.0,0xdb1c55f6926e7d847ddf8678905ad871a68199d2,hp_163.sol,honeypot
False,True,False,2,False,True,True,False,1,4.0,0xe4eabdca81e31d9acbc4af76b30f532b6ed7f3bf,hp_164.sol,honeypot
False,True,False,2,False,True,True,False,1,4.0,0xe82f0742a71a02b9e9ffc142fdcb6eb1ed06fb87,hp_165.sol,honeypot
False,True,False,2,False,True,True,False,1,4.0,0xf70d589d76eebdd7c12cc5eec99f8f6fa4233b9e,hp_166.sol,honeypot
False,True,False,2,False,True,True,False,0,3.0,0x017bcaee2456d8bd0e181f94165919a4a2ecc2d9,hp_167.sol,honeypot
False,True,False,0,True,True,True,False,0,5.0,0x038e20839aebfe12b7956adcbc2511f6f7085164,hp_168.sol,honeypot
False,True,False,1,False,False,False,False,0,1.0,0x07f06a75ddf49de735d51dbf5c0a9062c034e7c6,hp_169.sol,honeypot
False,False,False,1,False,True,True,False,0,1.0,0x0bcccba050c2ce6439c57bd203378b113cc3cfd6,hp_170.sol,honeypot
False,False,False,1,False,True,True,False,0,1.0,0x11f3081cd6b2ac5a263e65e206f806bea7fa9c56,hp_171.sol,honeypot
False,True,False,0,True,True,True,False,1,2.0,0x1767856bc75cf070de5e6ba3d0c718440f008c66,hp_172.sol,honeypot
False,True,False,2,False,False,False,False,2,1.0,0x33685492a20234101b553d2a429ae8a6bf202e18,hp_173.sol,honeypot
False,True,False,0,True,True,False,False,1,1.0,0x33b44a1d150f3feaa40503ad20a75634adc39b18,hp_174.sol,honeypot
False,True,False,0,False,True,True,False,1,2.0,0x340844b39aacbdb4e7718fa14a95758f87a09a9a,hp_175.sol,honeypot
False,True,False,1,True,True,True,False,2,2.0,0x3526cf7d12c95b11a680678cc1f705cba667578d,hp_176.sol,honeypot
False,True,False,0,True,True,True,False,0,3.0,0x3e7840b88396acd80bac66021e1354064461a498,hp_177.sol,honeypot
False,True,False,0,False,True,False,False,1,2.0,0x4ba0d338a7c41cc12778e0a2fa6df2361e8d8465,hp_178.sol,honeypot
False,True,False,0,True,True,False,False,1,5.0,0x4c7c98c4d64c29ef8103b005eeccf5145cfdf8c1,hp_179.sol,honeypot
False,True,False,1,False,False,False,False,0,1.0,0x4dc76cfc65b14b3fd83c8bc8b895482f3cbc150a,hp_180.sol,honeypot
False,False,False,1,False,True,True,False,0,1.0,0x4fed7f5f0314bd156a8486fc41dc8bd4737c24fb,hp_181.sol,honeypot
False,True,False,0,False,False,False,False,0,2.0,0x50abfc76b637b70571c301071f7ce660c1c3d847,hp_182.sol,honeypot
False,True,False,2,False,False,False,False,2,1.0,0x50ddfe3722fc303cace413df41db23d55025e2e6,hp_183.sol,honeypot
False,True,False,1,True,True,False,False,1,2.0,0x52c2d09acf0ef12c487ae0c20a92d4f9a4abbfd1,hp_184.sol,honeypot
False,True,False,0,False,True,False,False,0,0.0,0x58978e8caccf56fadaa80ef52f5c684045306839,hp_185.sol,honeypot
False,True,False,0,True,True,False,False,1,5.0,0x5b2028602af2693d50b4157f4acf84d632ec8208,hp_186.sol,honeypot
False,True,False,0,True,True,True,False,1,3.0,0x5c8546a7b86ba30202c09a84f5a72644a2a4f7ba,hp_187.sol,honeypot
False,True,False,2,True,True,True,False,1,2.0,0x641074844a0dd00042347161f830346bdfe348bc,hp_188.sol,honeypot
False,True,False,0,True,True,True,False,1,3.0,0x68563d2a5fc58f88db8140a981170989f001b746,hp_189.sol,honeypot
False,True,False,2,True,True,False,False,0,2.0,0x6e843aefc1f2887e5b0aeb4002c1924c433d9a13,hp_190.sol,honeypot
False,True,False,2,False,True,True,False,0,3.0,0x70c01853e4430cae353c9a7ae232a6a95f6cafd9,hp_191.sol,honeypot
False,False,False,1,False,True,True,False,0,1.0,0x7704442e1005b9ab403463ed85e2fb24761a8738,hp_192.sol,honeypot
False,True,False,0,False,True,False,False,0,2.0,0x787080326e1f7e0eae490efdb18e90cfd0ae2692,hp_193.sol,honeypot
False,True,False,0,False,True,False,False,0,2.0,0x78faf034c61f4158a4a12bfa372187a21405ae33,hp_194.sol,honeypot
False,False,False,1,False,True,True,False,0,1.0,0x7e97c48497a8d650dc030744b74c81e29816f8e3,hp_195.sol,honeypot
False,True,False,3,False,True,True,False,0,3.0,0x81edefc64aabdce71f68347774bd4673d1d31419,hp_196.sol,honeypot
False,True,False,2,True,False,False,False,0,5.0,0x849019a489c3c26c7a7668e468be81a4d132781f,hp_197.sol,honeypot
False,True,False,0,True,True,True,False,1,2.0,0x9168fdc9f9db7b71865fe4bfd6f78b3610ebc704,hp_198.sol,honeypot
False,True,False,1,True,True,True,True,0,6.0,0x96050da7c01bbd4891ed766720a5c1c79b824163,hp_199.sol,honeypot
False,True,False,3,False,True,True,False,0,4.0,0x98fe1d52649a3a13863647c6789f16e46e090377,hp_200.sol,honeypot
False,True,False,0,True,True,True,False,1,5.0,0xa16cdcba1d6cb6874ff9fd8a6c8b82a3f834f512,hp_201.sol,honeypot
False,True,False,0,True,True,False,False,1,2.0,0xb31820c1d84e183377030b6d3f0e1ee5c1cff643,hp_202.sol,honeypot
False,True,False,2,False,False,False,False,2,1.0,0xc0c7d89e4968775931e53e9510ebad43644b0866,hp_203.sol,honeypot
False,True,False,1,True,True,True,False,1,2.0,0xcacf9396a56e9ff1e3f6533be83a043c36ce0436,hp_204.sol,honeypot
False,True,False,1,False,False,False,False,0,1.0,0xe65c53087e1a40b7c53b9a0ea3c2562ae2dfeb24,hp_205.sol,honeypot
False,True,False,2,True,True,True,False,1,2.0,0xf1aab4171ceb49b6a276975347e3c1d4d5650e5a,hp_206.sol,honeypot
False,True,False,0,True,True,False,False,1,2.0,0xfae0300c03a1ea898176bcb39f919c559f64f4ff,hp_207.sol,honeypot
True,True,False,0,False,False,False,False,0,4.0,0x251848c3fc50274f5fda449919f083dc937b48b2,hp_208.sol,honeypot
False,True,False,0,True,False,False,False,0,3.0,0x7bc51b19abe2cfb15d58f845dad027feab01bfa0,hp_209.sol,honeypot
False,True,False,0,True,False,False,False,0,3.0,0x858c9eaf3ace37d2bedb4a1eb6b8805ffe801bba,hp_210.sol,honeypot
False,True,False,0,True,False,False,False,0,3.0,0xa0174f796d3b901adaa16cfbb589330462be0329,hp_211.sol,honeypot
False,False,False,0,False,True,False,False,0,2.0,0xa395480a4a90c7066c8ddb5db83e2718e750641c,hp_212.sol,honeypot
False,False,False,0,False,True,False,False,0,2.0,0xaa12936a79848938770bdbc5da0d49fe986678cc,hp_213.sol,honeypot
False,False,False,0,False,True,False,False,0,2.0,0xd022969da8a1ace11e2974b3e7ee476c3f9f99c6,hp_214.sol,honeypot
False,True,False,0,True,False,False,False,0,3.0,0xe63760e74ffd44ce7abdb7ca2e7fa01b357df460,hp_215.sol,honeypot
True,True,False,0,False,True,True,False,1,6.0,0xf4ac238121585456dee1096fed287f4d8906d519,hp_216.sol,honeypot
False,True,False,0,False,False,False,False,0,3.0,0x01f8c4e3fa3edeb29e514cba738d87ce8c091d3f,hp_217.sol,honeypot
False,True,False,0,False,True,False,False,0,2.0,0x23a91059fdc9579a9fbd0edc5f2ea0bfdb70deb4,hp_218.sol,honeypot
False,True,False,1,True,False,False,False,0,3.0,0x23f890c412f3f06784a30ba40ed4832a0fca55f0,hp_219.sol,honeypot
False,True,False,0,False,False,False,False,0,3.0,0x4320e6f8c05b27ab4707cd1f6d5ce6f3e4b3a5a1,hp_220.sol,honeypot
False,True,False,0,False,True,False,False,0,2.0,0x463f235748bc7862deaa04d85b4b16ac8fafef39,hp_221.sol,honeypot
False,True,False,2,True,False,False,False,1,2.0,0x477d1ee2f953a2f85dbecbcb371c2613809ea452,hp_222.sol,honeypot
False,True,False,2,False,False,False,False,0,3.0,0x4e73b32ed6c35f570686b89848e5f39f20ecc106,hp_223.sol,honeypot
False,True,False,0,False,False,False,False,0,3.0,0x561eac93c92360949ab1f1403323e6db345cbf31,hp_224.sol,honeypot
False,True,False,3,False,False,False,False,0,4.0,0x62d5c4a317b93085697cfb1c775be4398df0678c,hp_225.sol,honeypot
False,True,False,1,False,False,False,False,0,2.0,0x7a7d08bcb2faf27414e86ecf9a0351d928054b6b,hp_226.sol,honeypot
True,True,False,1,False,True,False,False,0,2.0,0x7a8721a9d64c74da899424c1b52acbf58ddc9782,hp_227.sol,honeypot
False,True,False,0,False,True,False,False,0,3.0,0x8c7777c45481dba411450c228cb692ac3d550344,hp_228.sol,honeypot
False,True,False,0,False,True,False,False,0,3.0,0x941d225236464a25eb18076df7da6a91d0f95e9e,hp_229.sol,honeypot
False,True,False,0,False,True,False,False,0,2.0,0x95d34980095380851902ccd9a1fb4c813c2cb639,hp_230.sol,honeypot
False,True,False,0,False,True,False,False,0,3.0,0xa5d6accc5695327f65cbf38da29198df53efdcf0,hp_231.sol,honeypot
False,True,False,1,False,False,False,False,0,4.0,0xa91a453abde404a303fb118c46e00c8f630216a9,hp_232.sol,honeypot
False,True,False,0,False,False,False,False,0,3.0,0xaae1f51cf3339f18b6d3f3bdc75a5facd744b0b8,hp_233.sol,honeypot
False,True,False,0,False,True,False,False,0,2.0,0xb4c05e6e4cdb07c15095300d96a5735046eef999,hp_234.sol,honeypot
False,True,False,0,False,True,False,False,0,3.0,0xb5e1b1ee15c6fa0e48fce100125569d430f1bd12,hp_235.sol,honeypot
False,True,False,0,False,True,False,False,0,2.0,0xb93430ce38ac4a6bb47fb1fc085ea669353fd89e,hp_236.sol,honeypot
False,True,False,0,False,True,False,False,0,2.0,0xbabfe0ae175b847543724c386700065137d30e3b,hp_237.sol,honeypot
False,True,False,0,False,True,False,False,0,3.0,0xbaf51e761510c1a11bf48dd87c0307ac8a8c8a4f,hp_238.sol,honeypot
False,True,False,0,False,False,False,False,0,3.0,0xbe4041d55db380c5ae9d4a9b9703f1ed4e7e3888,hp_239.sol,honeypot
False,True,False,0,False,True,False,False,0,2.0,0xd116d1349c1382b0b302086a4e4219ae4f8634ff,hp_240.sol,honeypot
False,True,False,0,False,False,False,False,0,3.0,0xd518db222f37f9109db8e86e2789186c7e340f12,hp_241.sol,honeypot
False,True,False,1,False,False,False,False,0,2.0,0xdad02644b70cbb20dec56d25282ddc65bb7805a1,hp_242.sol,honeypot
False,True,False,0,False,False,False,False,0,3.0,0xdd17afae8a3dd1936d1113998900447ab9aa9bc0,hp_243.sol,honeypot
False,True,False,0,False,False,False,False,0,3.0,0xe610af01f92f19679327715b426c35849c47c657,hp_244.sol,honeypot
False,True,False,1,True,False,False,False,0,3.0,0xfa8bb2a68c67e39409cd336d1a8024a2ad9a62ff,hp_245.sol,honeypot
False,True,False,1,False,False,False,False,0,2.0,0xff5a11c0442028ee2a60d31e6ebb3cbac121ffe5,hp_246.sol,honeypot
False,True,False,1,False,True,True,False,5,3.0,0x2ecf8d1f46dd3c2098de9352683444a0b69eb229,hp_247.sol,honeypot
False,True,False,1,False,True,True,False,5,3.0,0x752406cbfd32593fc422da69cdd702d1eaadc121,hp_248.sol,honeypot
False,True,False,1,False,True,True,False,4,3.0,0x791d0463b8813b827807a36852e4778be01b704e,hp_249.sol,honeypot
False,True,False,1,False,True,True,False,4,3.0,0xf5b1d75f4415f853fef2466a5ab8e412d593dd44,hp_250.sol,honeypot
False,True,False,1,True,False,False,False,2,2.0,0x01b21934ba28dfd8a22c4d21c710290500a5081f,hp_251.sol,honeypot
False,True,False,1,True,False,False,False,2,2.0,0x04baddfb21723ec467e9993b715c5e0d673bac96,hp_252.sol,honeypot
False,True,False,3,True,False,False,False,3,2.0,0x0d83102ec81853f3334bd2b9e9fcce7adf96ccc7,hp_253.sol,honeypot
False,True,False,1,True,False,False,False,2,2.0,0x13b87fb8e6152032fd525f64f158c129a230b6ee,hp_254.sol,honeypot
True,True,False,5,True,False,False,False,0,2.0,0x2075d158924f5030aece55179848c2bd7ec5833f,hp_255.sol,honeypot
False,True,False,1,True,True,True,False,0,2.0,0x29d6cf436c893c7e44ea926411d5fd4dd763d9b3,hp_256.sol,honeypot
False,True,False,1,False,False,False,False,2,2.0,0x2f069a1d7a052052458e8b5511e91221eb337c52,hp_257.sol,honeypot
False,True,False,4,True,False,False,False,0,3.0,0x3268ecb4fcba1ca9f43da8ed05ffc80382cef1da,hp_258.sol,honeypot
False,True,False,1,True,False,False,False,2,2.0,0x36f726e01cc85fdb0d998dfc442856379c569274,hp_259.sol,honeypot
False,True,False,1,False,False,False,False,2,2.0,0x37541ebf8b4e25d36fbaa9b4c4eaad8c06314d6f,hp_260.sol,honeypot
False,True,False,1,True,False,False,False,2,2.0,0x413c8657b6e6fa2b433db62271e662a470de4ba0,hp_261.sol,honeypot
False,True,False,3,True,False,False,False,3,2.0,0x4fdc2078d8bc92e1ee594759d7362f94b60b1a3d,hp_262.sol,honeypot
False,True,False,1,True,False,False,False,2,2.0,0x559be9a89db88794645abb93e3bfc1af2ee0be40,hp_263.sol,honeypot
False,True,False,2,True,False,False,False,2,2.0,0x559cc6564ef51bd1ad9fbe752c9455cb6fb7feb1,hp_264.sol,honeypot
False,True,False,4,True,False,False,False,0,2.0,0x6324d9d0a23f5ddba165bf8cc61da455350895f2,hp_265.sol,honeypot
True,True,False,5,True,False,False,False,0,2.0,0x650734bfd0465b7c6cd2932ea555e721308fd0b3,hp_266.sol,honeypot
True,True,False,5,True,False,False,False,0,2.0,0x6a2e025f43ca4d0d3c61bdee85a8e37e81880528,hp_267.sol,honeypot
False,True,False,3,True,False,False,False,3,2.0,0x741f1923974464efd0aa70e77800ba5d9ed18902,hp_268.sol,honeypot
False,True,False,2,True,False,False,False,2,2.0,0x74808c86c6f0bc6f59a3a1430ddfcd2e29952eac,hp_269.sol,honeypot
True,True,False,1,False,False,False,False,3,2.0,0x783cf9c6754bf826f1727620b4baa19714fedf8d,hp_270.sol,honeypot
True,True,False,5,True,False,False,False,0,2.0,0x787b9a8978b21476abb78876f24c49c0e513065e,hp_271.sol,honeypot
False,True,False,1,True,False,False,False,2,2.0,0x8685631276cfcf17a973d92f6dc11645e5158c0c,hp_272.sol,honeypot
False,True,False,1,True,False,False,False,2,2.0,0x96830139e44251ddbe3d1c4c4110262b47cf6d34,hp_273.sol,honeypot
True,True,False,1,False,False,False,False,0,2.0,0xad1aa68300588aa5842751ddcab2afd4a69e9016,hp_274.sol,honeypot
False,True,False,1,True,False,False,False,2,2.0,0xadccea0b14d26d786b99cf3ba3e9812cd4d23a81,hp_275.sol,honeypot
False,True,False,1,True,False,False,False,2,2.0,0xb1f4ca3c6256f415e420de511504af8ea8a9c8e0,hp_276.sol,honeypot
False,True,False,1,True,False,False,False,2,2.0,0xc57fc2c9fd3130933bd29f01ff940dc52bc4115b,hp_277.sol,honeypot
True,True,False,5,True,False,False,False,0,2.0,0xe19ca313512e0231340e778abe7110401c737c23,hp_278.sol,honeypot
True,True,False,4,True,False,False,False,0,2.0,0xe6f245bb5268b16c5d79a349ec57673e477bd015,hp_279.sol,honeypot
False,True,False,3,True,False,False,False,3,2.0,0xefba96262f277cc8073da87e564955666d30a03b,hp_280.sol,honeypot
False,True,False,1,True,False,False,False,2,2.0,0xf6c61cb3b0add944ac53c9c2decaf2954f0515cb,hp_281.sol,honeypot
False,True,False,1,True,False,False,False,2,2.0,0xfb6e71e0800bccc0db8a9cf326fe3213ca1a0ea0,hp_282.sol,honeypot
False,False,False,0,True,False,False,False,3,4.0,0x03209bde47da583547c17c47e7ca74bfa3dfb404,legit_001.sol,legitimate
False,False,False,0,False,False,False,False,2,3.0,0x07ec6c3159c2336ba36ab41f73411f8fee430470,legit_002.sol,legitimate
False,True,False,18,False,False,False,False,6,2.0,0x0ffb3f4605dd9f01de1a06052b7687418a9d82ee,legit_003.sol,legitimate
False,True,False,19,False,True,False,False,16,3.0,0x175744fb0849584129fa3d0e6350c00206d95d2f,legit_004.sol,legitimate
False,True,False,34,False,False,False,False,9,2.0,0x1efd5dc066eb56d4db7e2ff38843c8bf8aa59168,legit_005.sol,legitimate
False,True,False,18,False,True,False,False,16,3.0,0x286bbee3f20f1702e707e58d33dc28a69e7efd4e,legit_006.sol,legitimate
False,True,False,12,True,False,False,True,14,3.0,0x2d05359a51ca13c4ac5f4437585afaf5bf2050f9,legit_007.sol,legitimate
False,True,False,4,False,False,False,False,3,3.0,0x38321bbb97a3541bb3913c12201b35d504f7af39,legit_008.sol,legitimate
False,True,False,31,False,False,False,False,19,1.0,0x3b0e5a2a318616b1673b0bc7a91dd7c6d85b7e56,legit_009.sol,legitimate
True,False,False,0,True,False,False,False,0,0.0,0x60bf91ac87fee5a78c28f7b67701fbcfa79c18ec,legit_010.sol,legitimate
False,False,False,3,False,False,False,False,1,2.0,0x702b4ec04e119d4b4ac93f3fcc6aa266e7b66499,legit_011.sol,legitimate
False,True,False,3,False,False,False,False,11,2.0,0x7409bac00c479b0003651cc157a72d1a227eccfb,legit_012.sol,legitimate
False,True,False,17,False,False,False,False,6,2.0,0x75890afea0658ed67e145df17948c8fceed0affa,legit_013.sol,legitimate
False,True,False,18,False,False,False,False,6,2.0,0x7a2ac9691ce2fcffb9777311c14a82a6aec7e639,legit_014.sol,legitimate
False,True,False,18,False,False,False,False,6,2.0,0x7c05c837f7a84dced69ae94f8649bbc3897d2b31,legit_015.sol,legitimate
False,True,False,0,True,False,False,True,6,4.0,0x807a3ef8a8dbdd7fc9863df695bbe8691e450e8e,legit_016.sol,legitimate
False,True,False,0,False,False,False,False,93,4.0,0x85bc00724203d53536072b000c44a2cc16cd12c5,legit_017.sol,legitimate
False,False,False,0,True,False,False,False,1,1.0,0x94d23f3d0e69da93ed09407b104ea8ed1f20dbda,legit_018.sol,legitimate
False,False,False,12,True,False,False,False,32,3.0,0x95be22039da3114d17a38b9e7cd9b3576de83924,legit_019.sol,legitimate
False,False,False,2,False,True,True,False,1,2.0,0x9c0c5a14fde1306686a8a270f271165acda670c2,legit_020.sol,legitimate
False,True,False,31,False,False,False,False,18,1.0,0xa1477980b4fbbe5a1eca65e2aee84bec79c133f9,legit_021.sol,legitimate
False,True,False,19,False,False,False,False,6,2.0,0xb389327f8325d9568826b0f3ca63ef613687cfab,legit_022.sol,legitimate
False,True,False,0,True,False,False,False,1,0.0,0xb5aff01f3e820735fac9abb594dc9993cb9e5bd2,legit_023.sol,legitimate
False,True,False,18,False,False,False,False,6,2.0,0xb85a54944b58342b07887942e6f530f616479efd,legit_024.sol,legitimate
False,True,False,0,True,False,False,True,6,3.0,0xb919b2903e07293bc84372471a7081ecb69e8d36,legit_025.sol,legitimate
False,True,False,22,True,True,True,False,0,5.0,0xbf64a825e602a4f1c31480a470e99e1d896c88a7,legit_026.sol,legitimate
True,False,False,0,True,True,False,False,5,0.0,0xc86e7c69a53582537cc52c4dfdeaeae27a84d7c5,legit_027.sol,legitimate
False,True,False,0,False,False,False,False,93,4.0,0xc8b2c33a45ce83d19da15a58d1d1ddb2738506bf,legit_028.sol,legitimate
False,True,False,0,False,False,False,False,8,0.0,0xc90233644d2eeb37a7ec641072c85ad272ef2feb,legit_029.sol,legitimate
False,True,False,2,False,False,False,False,20,2.0,0xdfe06d5a4534fbe955eebe8a4908ef596763c2a4,legit_030.sol,legitimate
False,True,False,18,False,False,False,False,6,2.0,0xe35a91f2acceccf1ce6bae792274da6100b639af,legit_031.sol,legitimate
True,False,False,0,True,True,False,False,7,0.0,0xe4c94d45f7aef7018a5d66f44af780ec6023378e,legit_032.sol,legitimate
False,True,False,4,False,False,False,False,3,3.0,0xed4fd2e53153b8bfd866e11fb015a1bc4a0e9655,legit_033.sol,legitimate
False,True,False,28,False,False,False,False,7,2.0,0xedc77f347a7dbdba2319e86ef5681535f8da75e0,legit_034.sol,legitimate
False,True,False,31,False,False,False,False,19,1.0,0xefc9ba892c557ff541947116040cbb669b5c0a35,legit_035.sol,legitimate
False,True,False,27,False,False,False,False,14,4.0,0xf331f7887d31714dce936d9a9846e6afbe82e0a0,legit_036.sol,legitimate
False,True,False,2,False,True,False,False,0,2.0,0xf5615138a7f2605e382375fa33ab368661e017ff,legit_037.sol,legitimate
False,True,False,24,False,False,False,False,32,3.0,0xf6b55acbbc49f4524aa48d19281a9a77c54de10f,legit_038.sol,legitimate
False,True,False,4,False,False,False,False,3,3.0,0xfb0513602b08ede66c28c128ece6a2f11161f17f,legit_039.sol,legitimate
False,False,False,3,False,True,True,False,0,2.0,0xfdc39e06a7297268a0f6d5bd1692ae5fa9026152,legit_040.sol,legitimate
False,False,False,33,False,True,False,True,7,1.0,0xff41067fe843f190482d998a9976c7b19cd7c8b7,legit_041.sol,legitimate
False,True,False,5,False,False,False,True,0,1.0,0x0000000000085d4780b73119b644ae5ecd22b376,legit_042.sol,legitimate
False,False,False,1,False,False,False,True,0,8.0,0x000000fa00b200406de700041cfc6b19bbfb4d13,legit_043.sol,legitimate
False,True,False,0,False,False,False,True,0,1.0,0x000006c2a22ff4a44ff1f5d0f2ed65f781f55555,legit_044.sol,legitimate
False,False,False,11,False,True,False,False,0,0.0,0x0043943a2760fbd57f6e9efd46005319b2362640,legit_045.sol,legitimate
True,False,False,0,False,False,False,False,0,0.0,0x007fb04d74ad455c7ff6b2a9c5f04b7b09915ac6,legit_046.sol,legitimate
False,False,False,0,False,False,False,False,0,0.0,0x00c83aecc790e8a4453e5dd3b0b4b3680501a7a7,legit_047.sol,legitimate
False,False,False,4,False,False,False,False,0,0.0,0x00d0f0250364c431376cc64aadd3aa13c6a8998d,legit_048.sol,legitimate
False,False,False,11,False,True,False,False,0,0.0,0x00f00ab579e16bb2b6774487abbc16d98b2ab648,legit_049.sol,legitimate
False,False,False,11,False,True,False,False,0,0.0,0x0145026a544cccaafde4a7dc5c71559b2dbf8fe7,legit_050.sol,legitimate
False,False,False,0,False,False,False,False,0,1.0,0x01791f726b4103694969820be083196cc7c045ff,legit_051.sol,legitimate
False,False,False,10,False,False,False,False,0,0.0,0x018d774dac5e73f2bc02fd31c1dd3b3fe40d48f8,legit_052.sol,legitimate
False,False,False,0,False,False,False,False,29,0.0,0x01995a697752266d8e748738aaa3f06464b8350b,legit_053.sol,legitimate
False,True,False,0,False,False,False,True,0,1.0,0x031de51f3e8016514bd0963d0b2ab825a591db9a,legit_054.sol,legitimate
False,False,False,0,False,False,False,False,0,0.0,0x03a39492d545bb68dcb9a34fdfc43d0340cb9e13,legit_055.sol,legitimate
False,False,False,10,False,True,False,False,0,0.0,0x03b063d8801be35cc79f98a8739b490d13758a20,legit_056.sol,legitimate
False,False,False,11,False,True,False,False,0,0.0,0x040b23a9f4de50ce7856a03ffe2f231a4ac9c69d,legit_057.sol,legitimate
True,False,False,0,False,False,False,False,0,0.0,0x04b4af1ae6841713a4b1d37e4b3c2246cd33f2ad,legit_058.sol,legitimate
False,False,False,75,False,False,False,True,0,0.0,0x04c154b66cb340f3ae24111cc767e0184ed00cc6,legit_059.sol,legitimate
False,False,False,27,False,False,False,False,0,0.0,0x05d3606d5c81eb9b7b18530995ec9b29da05faba,legit_060.sol,legitimate
False,False,False,10,False,True,False,False,0,0.0,0x069758b08b81dfad225fa005fd0a66b0532066a3,legit_061.sol,legitimate
False,True,False,35,False,False,False,False,37,1.0,0x0730201519ea278da2d3668f57db9c6119a0a000,legit_062.sol,legitimate
False,False,False,11,False,True,False,False,0,0.0,0x07d739f025f816a56388f01d566f8e08e6c80651,legit_063.sol,legitimate
False,False,False,1,False,False,False,False,0,0.0,0x086f405146ce90135750bbec9a063a8b20a8bffb,legit_064.sol,legitimate
False,False,False,2,False,False,False,False,0,0.0,0x08dcb9b5989fb09ef80e85567ec1f49577a70d29,legit_065.sol,legitimate
False,False,False,16,False,False,False,True,0,0.0,0x090185f2135308bad17527004364ebcc2d37e5f6,legit_066.sol,legitimate
True,False,False,0,False,False,False,False,0,0.0,0x0914bd9830b1a6be66f467733f34f81bee2d2e31,legit_067.sol,legitimate
False,False,False,0,False,False,False,False,0,0.0,0x097e5ce31a0a75f69aa7f90fe2b3460976a332cd,legit_068.sol,legitimate
False,False,False,0,False,False,False,False,0,0.0,0x099b609c8ac148c13fe25612160ac523041d445a,legit_069.sol,legitimate
False,False,False,11,False,True,False,False,0,0.0,0x09ea4d2526878d0f836d112275f62b307e725f53,legit_070.sol,legitimate
False,False,False,12,False,False,False,False,0,0.0,0x09f2f7213820bff196ee629348d4ca9e88e953f6,legit_071.sol,legitimate
False,False,False,11,False,True,False,False,0,0.0,0x0a521bdceaf2413d490a9543f4356cae0035285c,legit_072.sol,legitimate
False,False,False,11,False,True,False,False,0,0.0,0x0a953979fdcfd82b08c77db29705327bec39ff13,legit_073.sol,legitimate
False,False,False,4,False,False,False,False,0,0.0,0x0bbe2b5fa5490f01b4427109f0b5571822616a78,legit_074.sol,legitimate
False,False,False,18,False,False,False,True,0,1.0,0x0bc529c00c6401aef6d220be8c6ea1667f6ad93e,legit_075.sol,legitimate
False,False,False,0,False,False,False,False,5,1.0,0x0d8775f648430679a709e98d2b0cb6250d2887ef,legit_076.sol,legitimate
False,False,False,30,False,False,False,True,0,2.0,0x0f2d719407fdbeff09d87557abb7232601fd9f29,legit_077.sol,legitimate
False,False,False,6,False,False,False,False,0,0.0,0x0f5d2fb29fb7d3cfee444a200298f468908cc942,legit_078.sol,legitimate
False,False,False,16,False,False,False,True,0,1.0,0x0f81001ef0a83ecce5ccebf63eb302c70a39a654,legit_079.sol,legitimate
False,False,False,0,False,False,False,False,0,0.0,0x0f904dbaff4b775b019e33618e5867d3a92adc68,legit_080.sol,legitimate
False,True,False,0,False,False,False,True,0,3.0,0x0fc2a55d5bd13033f1ee0cdd11f60f7efe66f467,legit_081.sol,legitimate
False,False,False,46,False,False,False,True,0,6.0,0x0fd10b9899882a6f2fcb5c371e17e70fdee00c38,legit_082.sol,legitimate
True,False,False,0,False,False,False,False,0,0.0,0x1073d3349dde71fd3169dabeab4f63be894f8eea,legit_083.sol,legitimate
False,False,False,0,False,False,False,False,0,0.0,0x10a76004162e43b0dd07ae8f2bb297acad21e8ce,legit_084.sol,legitimate
False,False,False,18,False,False,False,True,0,1.0,0x111111111117dc0aa78b770fa6a738034120c302,legit_085.sol,legitimate
True,True,False,73,True,True,False,True,66,24.0,0x1111111254eeb25477b68fb85ed929f73a960582,legit_086.sol,legitimate
False,False,False,10,False,True,False,False,0,0.0,0x121b7d731119870016df42aeeb5947ba70f97711,legit_087.sol,legitimate
False,False,False,10,False,False,False,False,0,0.0,0x12996c7b23c4012149bf9f5663ff9aa08a9cf2e4,legit_088.sol,legitimate
False,False,False,10,False,True,False,False,0,0.0,0x132982a21e6da68ea460dc715b9b52e567022992,legit_089.sol,legitimate
False,False,False,0,False,False,False,False,0,0.0,0x13507a31087a447e5c6373156e9911d68741d06f,legit_090.sol,legitimate
False,False,False,10,False,True,False,False,0,0.0,0x136dfa222fade20272f7abab9b25784d69f15ddf,legit_091.sol,legitimate
False,False,False,51,False,False,False,True,9,11.0,0x137ddb47ee24eaa998a535ab00378d6bfa84f893,legit_092.sol,legitimate
False,False,False,0,False,False,False,False,0,0.0,0x13a827ef074e4b389497608b60a02e9337302dcf,legit_093.sol,legitimate
False,False,False,86,False,False,False,True,0,0.0,0x14778860e937f509e651192a90589de711fb88a9,legit_094.sol,legitimate
False,False,False,11,False,True,False,False,0,0.0,0x1495ac869433698ccd2946c1e62d37ba766294a9,legit_095.sol,legitimate
False,False,False,11,False,True,False,False,0,0.0,0x14a16a0abc0c00bbc1cf240c14c43dd42697a554,legit_096.sol,legitimate
False,False,False,11,False,True,False,False,0,0.0,0x14a18ef3d09215e4e4cd02c92724b34e9daf588c,legit_097.sol,legitimate
False,False,False,10,False,True,False,False,0,0.0,0x14ac092ddcfab34fc4bfb335541073dd3b9809bb,legit_098.sol,legitimate
False,False,False,11,False,True,False,False,0,0.0,0x15b280213acb20c27da1144854923acf6a8c732b,legit_099.sol,legitimate
False,False,False,0,False,False,False,False,0,0.0,0x15d4c048f83bd7e37d49ea4c83a07267ec4203da,legit_100.sol,legitimate
False,False,False,23,False,False,False,False,0,0.0,0x163f8c2467924be0ae7b5347228cabf260318753,legit_101.sol,legitimate
False,False,False,4,False,False,False,False,0,0.0,0x16b907b5d1208ae6086de983a5ef45e7890ef272,legit_102.sol,legitimate
False,False,False,0,False,False,False,False,0,0.0,0x16cd00ca60c1d375b4a490c5aaf1212266a9828f,legit_103.sol,legitimate
False,False,False,10,False,True,False,False,0,0.0,0x1708a7150fe287e3461896a013cdfdac5ade824d,legit_104.sol,legitimate
False,False,False,11,False,True,False,False,0,0.0,0x174cd3359c6a4e6b64d2995da4e2e4631379526e,legit_105.sol,legitimate
False,True,False,6,False,True,False,False,0,1.0,0x1776e1f26f98b1a5df9cd347953a26dd3cb46671,legit_106.sol,legitimate
False,False,False,0,False,False,False,False,0,0.0,0x17ee205a5d86355c75a3a13ca4f469dd18034218,legit_107.sol,legitimate
False,True,False,4,False,False,False,True,0,1.0,0x18aaa7115705e8be94bffebde57af9bfc265b998,legit_108.sol,legitimate
False,False,False,10,False,True,False,False,0,0.0,0x19582efda60983a16de84f909f478bcb4ec1767a,legit_109.sol,legitimate
False,False,False,11,False,True,False,False,0,0.0,0x195ec13ef52c30ceb4019a055e7938dafae21b6a,legit_110.sol,legitimate
False,False,False,0,False,False,False,False,0,0.0,0x1a04c7cd81ed4005e3e4f79accaa4d94144a74e3,legit_111.sol,legitimate
False,False,False,0,False,False,False,False,0,0.0,0x1ad55d24d37259bef0121738ee7ac906016fdc76,legit_112.sol,legitimate
False,False,False,0,False,False,False,False,0,0.0,0x1b7353b27bab48370d2485b0c51dc154483527f0,legit_113.sol,legitimate
False,False,False,20,False,False,False,True,0,0.0,0x1bbe973bef3a977fc51cbed703e8ffdefe001fed,legit_114.sol,legitimate
False,False,False,11,False,True,False,False,0,0.0,0x1bdab4b7f96cdc3c5e6b224df51f822693eecf43,legit_115.sol,legitimate
False,False,False,11,False,False,False,False,0,1.0,0x1be5066d56336d1d0a567aad9af5accbcef75bc3,legit_116.sol,legitimate
False,False,False,0,False,False,False,False,0,0.0,0x1c0c28f9c601b57eee5a73dc981806f63843135f,legit_117.sol,legitimate
False,False,False,11,False,True,False,False,0,0.0,0x1c820c9bd9f7b94a03347ae7a589525dcad53a14,legit_118.sol,legitimate
False,False,False,0,False,False,False,False,0,0.0,0x1cbbc8ac0f03b55d60040ca05cbf754448d64fde,legit_119.sol,legitimate
False,False,False,10,False,True,False,False,0,0.0,0x1cdbe74be73d7b9910993660779acff041ec5a0a,legit_120.sol,legitimate
False,False,False,7,False,False,False,False,0,0.0,0x1d287cc25dad7ccaf76a26bc660c5f7c8e2a05bd,legit_121.sol,legitimate
False,False,False,0,False,False,False,False,0,0.0,0x1d88713b483a8e45cff0e5cd7c2e15e5fab4534d,legit_122.sol,legitimate
False,False,False,10,False,True,False,False,0,0.0,0x1e0b90a376f021eb938ff04fabd2c627c4959fa3,legit_123.sol,legitimate
False,False,False,11,False,True,False,False,0,0.0,0x1f186de364a56e741fcb188d37a393d409d08aea,legit_124.sol,legitimate
False,False,False,0,False,False,False,False,0,0.0,0x1f2540c9ae2a92efa9be7b104bc921d975966586,legit_125.sol,legitimate
False,False,False,11,False,True,False,False,0,0.0,0x1f28d8213cda79ce4faa3f0200db4daadef9385c,legit_126.sol,legitimate
False,False,False,8,False,False,False,False,7,0.0,0x1f573d6fb3f13d689ff844b4ce37794d79a7ff1c,legit_127.sol,legitimate
False,False,False,4,False,False,False,False,0,0.0,0x1f6deb07e1a19baff90ec4075447eef6eb96c0ba,legit_128.sol,legitimate
False,False,False,11,False,True,False,False,0,0.0,0x1f7b20004ebd7e258b9f45568ce789fc5d2140fb,legit_129.sol,legitimate
False,False,False,16,False,False,False,True,1,0.0,0x1f8f212540b31b37f40d8c57b5c7d8b55bf25919,legit_130.sol,legitimate
False,False,False,26,False,False,False,True,0,0.0,0x1f9840a85d5af5bf1d1762f925bdaddc4201f984,legit_131.sol,legitimate
False,False,False,63,False,False,False,True,0,0.0,0x1f98431c8ad98523631ae4a59f267346ea31f984,legit_132.sol,legitimate
True,False,False,0,False,False,False,False,0,0.0,0x203edf007e4b887bf6e210a227a90b01fc3ad708,legit_133.sol,legitimate
False,False,False,11,False,True,False,False,0,0.0,0x20d95d3fb459e5a97612f8ff2ae43ca3f946f361,legit_134.sol,legitimate
False,False,False,19,False,False,False,True,0,1.0,0x2202d1bd088f087323b935a13b04d6b690206114,legit_135.sol,legitimate
False,False,False,11,False,True,False,False,0,0.0,0x224f8a141dc767ff2bac37a276fb04ae7c1611eb,legit_136.sol,legitimate
False,False,False,16,False,False,False,False,0,0.0,0x2260fac5e5542a773aa44fbcfedf7c193bc2c599,legit_137.sol,legitimate
False,True,False,0,False,False,False,True,0,3.0,0x24a3d725c37a8d1a66eb87f0e5d07fe67c120035,legit_138.sol,legitimate
False,False,False,0,False,False,False,False,0,0.0,0x24d2e9c7ae42c4f1e994f79753afaf51829b3f25,legit_139.sol,legitimate
False,True,False,0,False,False,False,True,0,3.0,0x259338656198ec7a76c729514d3cb45dfbf768a1,legit_140.sol,legitimate
False,False,False,15,False,False,False,True,0,2.0,0x25f8087ead173b73d6e8b84329989a8eea16cf73,legit_141.sol,legitimate
False,False,False,10,False,True,False,False,0,0.0,0x26748eb9f88a6714c7be5f44fb413a17325941cd,legit_142.sol,legitimate
False,False,False,18,False,False,False,False,0,1.0,0x281837f5f48ab5d4e896b1dd81da0a1d82812ab0,legit_143.sol,legitimate
True,False,False,0,False,False,False,False,0,0.0,0x297643ebc2b59f176f2f07bb517f8f5c65419e46,legit_144.sol,legitimate
False,False,False,11,False,True,False,False,0,0.0,0x2a246759109144072565f9fbad9b8975e2136afa,legit_145.sol,legitimate
False,True,False,16,False,False,False,True,0,4.0,0x2a79324c19ef2b89ea98b23bc669b7e7c9f8a517,legit_146.sol,legitimate
False,False,False,10,False,True,False,False,0,0.0,0x2aaec0b0c0bda01686b0bbe131f89b7ecd94f97e,legit_147.sol,legitimate
False,False,False,18,False,False,False,False,0,1.0,0x2ac979ae571c905da82bc5df9f1e579d664e402f,legit_148.sol,legitimate
False,False,False,10,False,False,False,False,0,0.0,0x2b4eb7b9857b8a88ef6f037cb37b13d842ca7ee7,legit_149.sol,legitimate
False,True,False,50,False,False,False,False,0,3.0,0x2b591e99afe9f32eaa6214f7b7629768c40eeb39,legit_150.sol,legitimate
True,False,False,0,False,False,False,False,0,0.0,0x2b8e7fed2a2f30b380c40b3a3316f9faf9bd8bac,legit_151.sol,legitimate
False,False,False,23,False,False,False,True,0,2.0,0x2bb84fd8f7ed0ffae3da36ad60d4d7840bdeeada,legit_152.sol,legitimate
True,False,False,0,False,False,False,False,0,0.0,0x2c3f695c96504249cf99b11b8b19fd397cd1e3e7,legit_153.sol,legitimate
False,False,False,0,False,False,False,False,0,0.0,0x2c4636b572fea3f48a7a353c295d06169056c902,legit_154.sol,legitimate
False,False,False,0,False,False,False,False,0,0.0,0x2c642b054681587e62489d1f512543f25375b881,legit_155.sol,legitimate
False,False,False,18,False,False,False,True,0,0.0,0x2dff88a56767223a5529ea5960da7a3f5f766406,legit_156.sol,legitimate
True,False,False,0,False,False,False,False,0,0.0,0x2e3a047261ef8e1014615c4ecfe5b2f123fe0593,legit_157.sol,legitimate
False,True,False,32,False,False,False,True,8,3.0,0x2ea4cfd3e45f8f239717e60597f77a42de57fa18,legit_158.sol,legitimate
False,False,False,11,False,True,False,False,0,0.0,0x2f375ce83ee85e505150d24e85a1742fd03ca593,legit_159.sol,legitimate
False,False,False,10,False,True,False,False,0,0.0,0x2f3c1a1c8d069b47cd756cbc22120ae82d61448e,legit_160.sol,legitimate
False,False,False,10,False,True,False,False,0,0.0,0x2fd04fd9210dc6af22f3203088f4967579ae36c7,legit_161.sol,legitimate
False,False,False,4,False,False,False,False,0,0.0,0x2fe158f89f32c9c5e6c7082487dbb26e42071512,legit_162.sol,legitimate
False,False,False,0,False,False,False,False,0,0.0,0x302d4298ec299e8948120ae08c981686583c211c,legit_163.sol,legitimate
False,True,False,18,False,False,False,False,52,1.0,0x303edd4558e28ebc1ce0fa3bdfe9598b45f84deb,legit_164.sol,legitimate
False,False,False,11,False,True,False,False,0,0.0,0x3070458730b7024ed498f38f6cd3e2bc3eed7824,legit_165.sol,legitimate
False,True,False,0,False,False,False,True,0,3.0,0x3073f7aaa4db83f95e9fff17424f71d4751a3073,legit_166.sol,legitimate
False,False,False,11,False,True,False,False,0,0.0,0x30b7a64e89a1e7005a1fcce8eac837064236128c,legit_167.sol,legitimate
False,False,False,11,False,True,False,False,0,0.0,0x3119ec517308ebca80d046b746219c6402582180,legit_168.sol,legitimate
False,False,False,14,False,False,False,True,0,0.0,0x31c8eacbffdd875c74b94b077895bd78cf1e64a3,legit_169.sol,legitimate
False,False,False,31,False,False,False,True,0,0.0,0x320623b8e4ff03373931769a31fc52a4e78b5d70,legit_170.sol,legitimate
False,False,False,18,False,False,False,False,0,0.0,0x32353a6c91143bfd6c7d363b546e62a9a2489a20,legit_171.sol,legitimate
False,False,False,16,False,False,False,False,56,1.0,0x324de8d0357699e0a7ae92ff2501378a7fe12417,legit_172.sol,legitimate
True,False,False,0,False,False,False,False,0,0.0,0x327fe5184562cad0ca70c209a61b5de59bdd28bd,legit_173.sol,legitimate
False,False,False,6,False,False,False,False,0,0.0,0x32b4d049fe4c888d2b92eecaf729f44df6b1f36e,legit_174.sol,legitimate
False,False,False,18,False,False,False,False,0,1.0,0x3322bcfcf824f1cec18f7269c1daa2fb32729982,legit_175.sol,legitimate
False,False,False,10,False,True,False,False,0,0.0,0x338498711c1d6e4ebc6115f01b86f30c3da4f07a,legit_176.sol,legitimate
False,False,False,12,False,True,False,False,0,0.0,0x338c1e2b51c4e818765a887584e7041ef9070aef,legit_177.sol,legitimate
False,False,False,11,False,True,False,False,0,0.0,0x33a1ada445dfd27af86ef6b2402d9d02e356cf69,legit_178.sol,legitimate
False,True,False,24,False,False,False,False,0,0.0,0x33cf519030235f75a13f29afcff5d6ff4fd10350,legit_179.sol,legitimate
False,False,False,10,False,False,False,False,0,0.0,0x3429d03c6f7521aec737a0bbf2e5ddcef2c3ae31,legit_180.sol,legitimate
False,False,False,0,False,False,False,False,0,0.0,0x3432b6a60d23ca0dfca7761b7ab56459d9c964d0,legit_181.sol,legitimate
False,False,False,12,False,True,False,False,0,0.0,0x34d0f1cb08d47dc1333657a0a84df2462e806656,legit_182.sol,legitimate
False,False,False,29,False,False,False,False,0,0.0,0x3506424f91fd33084466f402d5d97f05f8e3b4af,legit_183.sol,legitimate
False,False,False,20,False,False,False,True,0,2.0,0x3593d125a4f7849a1b059e64f4517a86dd60c95d,legit_184.sol,legitimate
False,False,False,0,False,False,False,False,0,0.0,0x3597bfd533a99c9aa083587b074434e61eb0a258,legit_185.sol,legitimate
False,False,False,11,False,True,False,False,0,0.0,0x3682a389bba84f6cd853b15c91b8e8c1a9e5e61d,legit_186.sol,legitimate
False,False,False,14,False,False,False,False,0,0.0,0x36c224af80207ecaba3ee9052faaba56d1f50c18,legit_187.sol,legitimate
False,False,False,11,False,True,False,False,0,0.0,0x37843bc944edbb0477df943d9061d359004a4e70,legit_188.sol,legitimate
False,False,False,12,False,True,False,False,0,0.0,0x37a6bbff13319ae0953924663603aa6b28cbba47,legit_189.sol,legitimate
False,False,False,11,False,True,False,False,0,0.0,0x37aa98af3103252f111c258f7a995bb94aba887b,legit_190.sol,legitimate
False,False,False,10,False,True,False,False,0,0.0,0x3842e732edcdbc0d9b8eb6537c21901377caa78a,legit_191.sol,legitimate
False,False,False,25,False,False,False,True,0,2.0,0x3845badade8e6dff049820680d1f14bd3903a5d0,legit_192.sol,legitimate
False,True,False,30,False,False,False,False,73,2.0,0x38e68a37e401f7271568cecaac63c6b1e19130b4,legit_193.sol,legitimate
False,False,False,0,False,False,False,False,0,0.0,0x3915dc7af70d6880b8dd6a73bd536e7ff9d61e54,legit_194.sol,legitimate
False,True,False,0,False,False,False,True,0,1.0,0x39fbbabf11738317a448031930706cd3e612e1b9,legit_195.sol,legitimate
False,False,False,0,False,False,False,True,0,0.0,0x3b50805453023a91a8bf641e279401a0b23fa6f9,legit_196.sol,legitimate
False,False,False,11,False,True,False,False,0,0.0,0x3c78e3391c47fb9310bdb9085955934e1622442f,legit_197.sol,legitimate
False,False,False,0,False,False,False,False,0,0.0,0x3cb373b4ec92a60d3233e4ea542ca12bcb1bd7ed,legit_198.sol,legitimate
False,False,False,11,False,True,False,False,0,0.0,0x3d9657b0add1459dde651db1e1a2796d4d09672e,legit_199.sol,legitimate
False,True,False,26,False,False,False,True,0,5.0,0x3d9819210a31b4961b30ef54be2aed79b9c9cd3b,legit_200.sol,legitimate
False,False,False,30,False,False,False,True,1,2.0,0x3da932456d082cba208feb0b096d49b202bf89c8,legit_201.sol,legitimate
False,False,False,11,False,True,False,False,0,0.0,0x3db875d39c58d9e9c81bc59590dbc6d7cf3b73f1,legit_202.sol,legitimate
False,False,False,11,False,True,False,False,0,0.0,0x3f1fdebbe75850859d561c8876e66b6b77ae97b3,legit_203.sol,legitimate
True,False,False,0,False,False,False,False,0,0.0,0x3f43bd0a3735059907e904a43429f68b06b3522b,legit_204.sol,legitimate
False,False,False,15,False,False,False,True,0,0.0,0x3f80b1c54ae920be41a77f8b902259d48cf24ccf,legit_205.sol,legitimate
False,True,False,3,False,False,False,True,15,4.0,0x3fc91a3afd70395cd496c647d5a6cc9d4b2b7fad,legit_206.sol,legitimate
False,False,False,10,False,True,False,False,0,0.0,0x415ab3d19a1aca180dbd7ca3c5c8951ff75262c0,legit_207.sol,legitimate
False,True,False,0,False,False,False,True,0,3.0,0x417af59cf25163ad3eafabc466c7b024cd18d780,legit_208.sol,legitimate
False,False,False,0,False,False,False,False,5,0.0,0x419d0d8bdd9af5e606ae2232ed285aff190e711b,legit_209.sol,legitimate
False,False,False,18,False,False,False,False,0,1.0,0x41af309c5cd65cc8ed37aab1a493d3fd2e473c5c,legit_210.sol,legitimate
False,False,False,12,False,True,False,False,0,0.0,0x41cd4ad2d58f251ace2e43038136c2b8d8f1474e,legit_211.sol,legitimate
False,False,False,10,False,True,False,False,0,0.0,0x41cdd35b7f050fe900e7c2d0194fddad7572551d,legit_212.sol,legitimate
False,False,False,10,False,True,False,False,0,0.0,0x41ddea3c460a3ddbc74e8a48a0645cf821882d37,legit_213.sol,legitimate
False,False,False,0,False,False,False,False,0,0.0,0x41e5560054824ea6b0732e656e3ad64e20e94e45,legit_214.sol,legitimate
False,False,False,20,False,False,False,True,0,3.0,0x430ef9263e76dae63c84292c3409d61c598e9682,legit_215.sol,legitimate
False,False,False,11,False,True,False,False,0,0.0,0x43134b79c886dc0320f1eceeac9f678a47074096,legit_216.sol,legitimate
False,False,False,17,False,False,False,True,0,0.0,0x431ad2ff6a9c365805ebad47ee021148d6f7dbe0,legit_217.sol,legitimate
False,False,False,0,False,False,False,False,0,0.0,0x439fc37d281efc118972fd210e5db4413991404f,legit_218.sol,legitimate
False,False,False,7,False,False,False,False,0,0.0,0x43dfc4159d86f3a37a5a4b3d4580b888ad7d4ddd,legit_219.sol,legitimate
False,False,False,12,False,False,False,False,0,0.0,0x44108f0223a3c3028f5fe7aec7f9bb2e66bef82f,legit_220.sol,legitimate
False,False,False,0,False,False,False,False,0,0.0,0x4462914b78e2621fb1d18c3be52f6b5e677c0e2d,legit_221.sol,legitimate
True,False,False,0,False,False,False,False,0,0.0,0x4481eb9a39104df862f7cae3e39db63ed1abf06b,legit_222.sol,legitimate
False,False,False,10,False,True,False,False,0,0.0,0x44b2af77a8036837eea739c169aa0f8972ed28b8,legit_223.sol,legitimate
False,False,False,10,False,False,False,False,0,0.0,0x44ced3cb1f9b829ad8596b55d4d379528bc843af,legit_224.sol,legitimate
False,False,False,0,False,False,False,False,0,0.0,0x44ff8620b8ca30902395a7bd3f2407e1a091bf73,legit_225.sol,legitimate
False,False,False,10,False,True,False,False,0,0.0,0x451ed43793108fd7f6232f45ec23f3cd69336e1e,legit_226.sol,legitimate
True,True,False,10,False,False,False,False,14,1.0,0x45510db2481353178db5abb87c96805fadad0724,legit_227.sol,legitimate
False,False,False,16,False,False,False,True,0,0.0,0x455e53cbb86018ac2b8092fdcd39d8444affc3f6,legit_228.sol,legitimate
False,False,False,11,False,False,False,False,0,1.0,0x4575f41308ec1483f3d399aa9a2826d74da13deb,legit_229.sol,legitimate
False,True,False,4,False,False,False,True,0,2.0,0x45804880de22913dafe09f4980848ece6ecbaf78,legit_230.sol,legitimate
False,True,False,12,False,False,False,False,0,0.0,0x45f2ab0ca2116b2e1a70bf5e13293947b25d0272,legit_231.sol,legitimate
False,False,False,0,True,False,False,False,0,0.0,0x467719ad09025fcc6cf6f8311755809d45a5e5f3,legit_232.sol,legitimate
False,True,False,0,False,False,False,False,0,0.0,0x4691937a7508860f876c9c0a2a617e7d9e945d4b,legit_233.sol,legitimate
False,False,False,12,False,True,False,False,0,0.0,0x46d0fb47b1e91130d53498ebee7a968e7e6599f9,legit_234.sol,legitimate
False,False,False,12,False,False,False,False,0,1.0,0x4770f3186225b1a6879983bd88c669ca55463886,legit_235.sol,legitimate
False,False,False,10,False,False,False,False,0,0.0,0x4799910a21e369dec8b96cb3ac20136627b6cda1,legit_236.sol,legitimate
False,True,False,9,False,False,False,False,0,0.0,0x4824a7b64e3966b0133f4f4ffb1b9d6beb75fff7,legit_237.sol,legitimate
False,False,False,15,False,False,False,False,0,1.0,0x491604c0fdf08347dd1fa4ee062a822a5dd06b5d,legit_238.sol,legitimate
False,False,False,10,False,True,False,False,0,0.0,0x49ad2d6c60dddd2706b95ec2a70b89341021020d,legit_239.sol,legitimate
False,False,False,7,False,False,False,False,0,0.0,0x4a220e6096b25eadb88358cb44068a3248254675,legit_240.sol,legitimate
False,False,False,0,False,False,False,True,0,0.0,0x4b0acbceac8a9aefc71880144cbd5b7199d85b07,legit_241.sol,legitimate
